#,NAME,FOLLOWERS,ER,COUNTRY,TOPIC OF INFLUENCE,POTENTIAL REACH
1,Sina Deinert @sinadeinert,107.3K,0.85%,Germany,Entertainment & Music,32.2K
2,Öᴢᴋᴀɴ ᴊᴀᴅᴇ sᴇɴ @mrjade,90.9K,0.17%,Germany,Finance,27.3K
3,Sally Fouad | سالي فؤاد @sally_fou2ad,90.6K,0.32%,Germany,Fitness & Health Education Product Education,27.2K
4,Lilian Melchert @limelchert,63.6K,0.36%,Germany,Oddly Satisfying,19.1K
5,Women’s Fashion Brand @lichi_brand,54.7K,0.36%,Germany,Fashion & Accessories,16.4K
6,Ronald Söthje @ronald_soethje,37.9K,1.36%,Germany,Photography Education Auto and Vehicles,11.4K
7,Dr. Barbara Sturm @drbarbarasturm,36.5K,0.27%,Germany,Beauty & Self Care,10.9K
8,Marvin Brooks @marvinbrooks,33K,-,Germany,Fitness & Health Education Outdoor Activity,9.9K
9,Nora Achmaoui @noriyanori,30K,0.61%,Germany,Education Upskilling,9K
10,Christian Betzmann @chrisbetzmann,27.4K,0.3%,Germany,Travel Photography,8.2K
11,KNITE @knitecoser,27.3K,3.56%,Germany,Animation & Cosplay,8.2K
12,trivago @trivago,22.2K,-,Germany,Travel,6.7K
13,Asya & Umut Karakuş @yoldabiblog,21.5K,0.17%,Germany,Travel,6.5K
14,Mario Adrion @marioadrion,21K,0.54%,Germany,Entertainment & Music,6.3K
15,AUTODOC - online auto parts store @autodoc_autoparts,20.8K,0.09%,Germany,Auto and Vehicles Product Education,6.2K
16,Tileh Pacbro @tileh_pacbro,20K,3.49%,Germany,Entertainment & Music Dance,6K
17,Tami Chin Mitchell @tamichinmitchell,19.4K,0.64%,Germany,Fashion & Accessories Entertainment & Music family Travel,5.8K
18,JIHOON KIM (지훈이 ₊˚⊹♡) @jihoonkm,18.4K,4.38%,Germany,Fashion & Accessories Entertainment & Music,5.5K
19,Damla Kalaycık Dedeoğlu @damlakalaycik,17.8K,1.09%,Germany,Fashion & Beauty Lifestyle Travel,5.3K
20,Nathalie Aron @voyagefox_,17.6K,0.26%,Germany,Travel,5.3K
21,Ｌａｒｔｅ Ｄｅｓｉｇ n @lartedesign,17.2K,0.98%,Germany,Auto and Vehicles,5.2K
22,Ecosia @ecosia,16.6K,0.55%,Germany,Nature,5K
23,"Lennart Pagel | 📍CGN, Germany @lennart",16.2K,1.53%,Germany,Nature Travel Photography,4.9K
24,Marvin Kuhr @kuhrmarvin,15.5K,2.68%,Germany,Photography,4.7K
25,TingTing Lai @tingting_lai,14.3K,4.03%,Germany,Fashion & Accessories,4.3K
26,Bobber Brothers | Custom Motorcycles @bobberbrothers,13.5K,0.91%,Germany,Auto and Vehicles,4.1K
27,Thomas Kakareko @thomas_k,13.1K,3.14%,Germany,Photography Product Education,3.9K
28,Red Bull Deutschland @redbullgermany,13K,0.73%,Germany,Entertainment & Music,3.9K
29,Tu Monitor De Fertilidad @daysylatin,12.7K,0.01%,Germany,,3.8K
30,Thomas Howarth @horsepower_hunters,12.7K,1.14%,Germany,Auto and Vehicles,3.8K
31,Porsche 911 @porsche911uk,12.7K,0.15%,Germany,Auto and Vehicles,3.8K
32,Lorenz Wiedenmann @lorenzwie,11.8K,0.73%,Germany,Fashion & Accessories Sports,3.5K
33,Claire Northfield @claire.northfield,11.7K,0.96%,Germany,Fashion & Accessories,3.5K
34,Nessa Preppy 🇹🇹🇩🇪 @nessapreppy,11.3K,0.2%,Germany,Entertainment & Music,3.4K
35,Vitsœ @vitsoe,11.1K,0.21%,Germany,Home & Garden,3.3K
36,Hodan Yousuf @hodanyousuf,10.9K,1.41%,Germany,Arts & Crafts Photography,3.3K
37,Joerg Nicht @jn,10.8K,2.87%,Germany,Travel Architecture Photography,3.2K
38,Resul Altunkaynak @25resul,10.7K,0.41%,Germany,Fitness & Health Education,3.2K
39,Sandra Heinrich Sauceda @filis_pina,10.7K,0.76%,Germany,,3.2K
40,Agustin MK @agustinmk,10.7K,0.47%,Germany,,3.2K
41,Paperlike @paperlike,10.4K,0.07%,Germany,Product Education Product Showcase,3.1K
42,伊伊 / 台中美食 台北美食 日常生活 @yiyi.esstisch,10.3K,0.63%,Germany,Food Product Showcase,3.1K
43,Irfan Haarys Bachdim @ibachdim,9.1K,-,Germany,Sports,2.7K
44,JACK WOLFSKIN @jackwolfskin,8.6K,0.53%,Germany,Outdoor Activity,2.6K
45,Emma Zhuang @imemma.z,8.4K,0.24%,Germany,Fashion & Accessories Pets,2.5K
46,MISS INTERNATIONAL @missinternationalofficial,8.3K,0.35%,Germany,Entertainment & Music Fashion & Accessories Romance & Wedding,2.5K
47,Helga Krapf @krapfhelga,8K,0.14%,Germany,Fitness & Health,2.4K
48,Meeka @meekalina_,7.4K,0.31%,Germany,Fashion & Accessories,2.2K
49,Marcel Wiest @marcel_travels,7.4K,0.71%,Germany,,2.2K
50,Driven34 @driven34,7.3K,0.92%,Germany,Auto and Vehicles,2.2K
51,Gustavo Anschau ⚡️ @gustavoanschau,7.3K,0.2%,Germany,Entertainment & Music Food,2.2K
52,SK Gaming @skgaming,7.3K,0.17%,Germany,Entertainment & Music Games,2.2K
53,Davey Perkins @davey_perkins,7.2K,2.35%,Germany,Arts & Crafts,2.2K
54,André Alexander | Germany @formgestalter,7.2K,1.01%,Germany,Outdoor Activity Photography,2.2K
55,kicker @kicker,7.2K,0.11%,Germany,Entertainment & Music Sports,2.2K
56,DE ARAQUE @de_araque,7.2K,0.15%,Germany,Fashion & Accessories,2.1K
57,Nanni 🐯 @nanniimo,7.1K,3.09%,Germany,Arts & Crafts,2.1K
58,Grey Wiese @greywiese,6.8K,0.19%,Germany,,2K
59,EBONY : Beauty + Lifestyle @ebscurlytv,6.8K,0.14%,Germany,Beauty & Self Care Romance & Wedding Fashion & Accessories,2K
60,Zuleyka Silver @zuleykasilver,6.6K,2.3%,Germany,Fashion & Accessories,2K
61,Valerie Weigmann @vweigmann,6.6K,-,Germany,Travel Upskilling,2K
62,MIO @xmioart,6.6K,9.94%,Germany,Arts & Crafts Animation & Cosplay,2K
63,Ulrich Esch @ulresch,6.5K,0.36%,Germany,Technology Fitness & Health,2K
64,Carolina Weigend @cweigend7,6.5K,0.59%,Germany,Sports,1.9K
65,musicbyLukas @musicbylukas,6.4K,0.41%,Germany,Entertainment & Music Upskilling,1.9K
66,Manuel Dietrich | Germany 🇩🇪 | Travel | Hiking @manueldietrichphotography,6.1K,-,Germany,Photography Travel,1.8K
67,Eric🍰Baking and Recipes @erictriesit,6.1K,0.2%,Germany,Entertainment & Music Funny,1.8K
68,Mohamad Gholipour محمد قلی پور @gholipourmohamad,5.4K,0.3%,Germany,Education,1.6K
69,Germany Limehouse @makeupbygermany,5.2K,0.25%,Germany,Beauty & Self Care,1.6K
70,Malek Shaban @malek_bsh,5.2K,1.52%,Germany,Arts & Crafts Fashion & Accessories Fitness & Health,1.6K
71,ARMYTRIX Automotive Weaponized @armytrix_official,5.2K,0.24%,Germany,Auto and Vehicles,1.6K
72,Laura Barber @lauraanika,5K,0.19%,Germany,Travel Outdoor Activity,1.5K
73,Hayki @hayki34,5K,1%,Germany,Music Entertainment,1.5K
74,Der Postillon 📯 @realpostillon,4.8K,1.26%,Germany,Funny Education,1.4K
75,j e s i r e e ™ @jesiree,4.7K,0.69%,Germany,Arts & Crafts Entertainment & Music Fashion & Accessories,1.4K
76,Hemmerle @hemmerle,4.6K,0.37%,Germany,Fashion & Accessories,1.4K
77,Felipe Pacheco @fepacheco,4.5K,0.54%,Germany,Education,1.4K
78,Jan Böhmermann @therealjanboehmermann,4.5K,5.34%,Germany,Entertainment & Music,1.3K
79,Regina | 𝘤𝘳𝘦𝘢𝘵𝘰𝘳 @regina.baltic,4.4K,0.35%,Germany,Travel family Lifestyle,1.3K
80,🐝👑 ＢＥＹＯＮＣＥ 👑🐝 @_beyonce_my_life__,4.4K,3.21%,Germany,Entertainment & Music,1.3K
81,TRAVEL MAD MUM 🌱 @travelmadmum,4.4K,0.15%,Germany,family Travel,1.3K
82,Tristan de Saint Ouen 🏁 @t1dso,4.1K,0.22%,Germany,Auto and Vehicles,1.2K
83,Bharat Chaudhary @bharatingermany,4K,0.48%,Germany,Education Upskilling,1.2K
84,Wacken Open Air @wackenopenair.official,4K,1.16%,Germany,Entertainment & Music,1.2K
85,Sohi Malih @sohi.malih,3.9K,0.08%,Germany,Arts & Crafts DIY & Life Hacks Product Showcase,1.2K
86,Alex Bönisch @boenischalex,3.9K,0.81%,Germany,Photography,1.2K
87,Mo @moee,3.8K,0.25%,Germany,Entertainment & Music,1.2K
88,Rafia Awan🧿 @raafia_awan,3.8K,0.15%,Germany,Education,1.1K
89,Max Leitner @maxleitner,3.7K,0.16%,Germany,Photography Arts & Crafts,1.1K
90,Ilayda Louise Kose @ilayda_xo,3.7K,0.14%,Germany,Travel,1.1K
91,Mari Pavanelli @maripavanelli,3.6K,0.41%,Germany,Arts & Crafts,1.1K
92,ISFANDIARY5 @isfandiary5,3.5K,-,Germany,Arts & Crafts Photography Travel Fashion & Accessories,1K
93,Simon Grossmann @simongrossmann,3.4K,0.4%,Germany,Entertainment & Music,1K
94,BK @bk_tattooer,3.2K,-,Germany,Arts & Crafts,960
95,BADER JENDOUBI 💫 @bader.jendoubi,3.2K,0.31%,Germany,Travel Sports Auto and Vehicles Photography,945
96,@austyn,3.2K,-,Germany,Arts & Crafts,945
97,Yanii Putrii @y.illustrations,3.1K,0.92%,Germany,Arts & Crafts,939
98,Tobias Platzer | Sneaker | Fashion | Edits @hypetobs,3K,0.17%,Germany,Fashion & Accessories,894
99,Alexander Kibble @alexkibb,3K,4.74%,Germany,Photography,894
100,Stephan Bauer @stephan_bauer,3K,0.71%,Germany,Travel,888
