#,NAME,FOLLOWERS,ER,COUNTRY,TOPIC OF INFLUENCE,POTENTIAL REACH
1,Luis Suárez @luissuarez9,48.9M,3.02%,Uruguay,Sports,14.7M
2,Edinson Cavani @cavaniofficial21,7.6M,3.8%,Uruguay,Soccer,2.3M
3,Yao Cabrera @yaocabrera,5.2M,5.1%,Uruguay,Entertainment and Music Finance,1.6M
4,Fernando Muslera @muslera,3M,10.6%,Uruguay,Sports Entertainment and Music Soccer,909.1K
5,Agustin Casanova @agustincasanova_,2.6M,1.88%,Uruguay,Entertainment and Music Music Actors,768.9K
6,Joaquin Mendez @mendezjoaquin,2.5M,0.46%,Uruguay,Entertainment and Music Marketing and Advertising Actors Modeling,755.2K
7,Lucas Torreira #LT14 @ltorreira34,2.1M,9.75%,Uruguay,Sports Soccer,629.1K
8,Rodrigo Bentancur @rodrigo_bentancur,1.8M,2.42%,Uruguay,Soccer,539.9K
9,ROMBAI @rombai,1.6M,0.4%,Uruguay,,476K
10,Natalia Oreiro|Наталия Орейро @nataliaoreirosoy,1.5M,1.69%,Uruguay,Entertainment and Music Marketing and Advertising,458.6K
11,Mathias @mathisellanes,1.4M,0.35%,Uruguay,Entertainment and Music Business and Finance Actors,427.2K
12,GABRIELA BEE @gabrielabee,1.4M,6.42%,Uruguay,Art Music Actors Modeling,420.1K
13,Juanpa Barbot @barbotsoy,1.4M,6.52%,Uruguay,Entertainment and Music Finance,405.7K
14,Fernando Montero “ Monti “ @fernandomontero_oficial,1.2M,3.8%,Uruguay,Entertainment and Music Medical Health,363.8K
15,Nahitan Nandez @nahitannandez25,1.1M,1.8%,Uruguay,Actors,321.9K
16,Guillermo Varela @guillermovarela4,1.1M,6.72%,Uruguay,Sports Actors,319.3K
17,𝗔𝗹𝗲𝗷𝗮𝗻𝗱𝗿𝗮 𝗕𝘂𝗶𝘁𝗿𝗮𝗴𝗼. @alebuitragoh,1.1M,0.92%,Uruguay,Entertainment and Music Actors Virtualization,317.8K
18,Jose Maria Gimenez @josemariagimenez,1M,3.7%,Uruguay,Soccer,305.1K
19,Fernanda Giménez @ferchuugimeenez,888.9K,12.44%,Uruguay,,266.7K
20,Club Atlético Peñarol @oficialcap,820.3K,1.55%,Uruguay,,246.1K
21,Fede Chuch @fedechuch,746.4K,1.59%,Uruguay,Entertainment and Music Marketing and Advertising Actors,223.9K
22,Diego Forlán @diegoforlancorazo,689.6K,2.27%,Uruguay,Sports,206.9K
23,Lucas Sugo @lucas_sugo,678.2K,0.44%,Uruguay,Entertainment and Music Actors Music,203.5K
24,PEKEÑO 77 @peke_77,627K,1.39%,Uruguay,Art,188.1K
25,Jorge Drexler @drexlerjorge,613.5K,2.75%,Uruguay,Fashion Actors Music,184.1K
26,NTVG @notevagustaroficial,606.7K,0.58%,Uruguay,Entertainment and Music Romance and Wedding Music Actors,182K
27,🌸JOHANA RIVA🌸 @johanarivag,601.1K,0.8%,Uruguay,Beauty and Self Care Fashion and Accessories Modeling Actors,180.3K
28,Pablo Agustín @pabloagustinnn,553.5K,4.26%,Uruguay,Entertainment and Music Marketing and Advertising Actors,166K
29,Katrina Moreno @katrinamorenooficial,552.3K,5.02%,Uruguay,Arts and Crafts Animals Events Actors,165.7K
30,Matias Ferreira @matiasferreiraa,540.6K,0.36%,Uruguay,Beauty and Self Care Business and Finance Celebrity Music,162.2K
31,𝐋𝐮𝐜𝐚𝐬 𝐜𝐨𝐫𝐛𝐨 @lucascorboo,513.8K,4.01%,Uruguay,Entertainment and Music,154.2K
32,NICO @nicolopezoficial,493.5K,4.33%,Uruguay,,148K
33,Gabriel Gonzalez @gabrielgonzalez108,480.6K,4.09%,Uruguay,,144.2K
34,MESA TRA’ 📀🩸🦈 @mesita,475.5K,6%,Uruguay,,142.7K
35,RomiiNacional🪼 @nacionalromii,472.1K,1.05%,Uruguay,Art,141.6K
36,Club Nacional De Football @nacional,451.7K,1.85%,Uruguay,Sports,135.5K
37,RUMA® @rumatienda,432.4K,0.31%,Uruguay,Fashion and Accessories Actors,129.7K
38,Vanesa Britos @vanesabritos,426K,1.02%,Uruguay,,127.8K
39,Eric Berni @ericberniok,419.1K,6.54%,Uruguay,Entertainment and Music Soccer,125.7K
40,Rossana Burgos @mamabee,391K,2.07%,Uruguay,Fitness Moms,117.3K
41,La Vela Puerca @lavela_oficial,389.8K,0.94%,Uruguay,,116.9K
42,Luna. @evitta_luna_,374.8K,5.19%,Uruguay,Entertainment and Music Marketing and Advertising,112.4K
43,Federico Viñas @federicovinas98,374.8K,12.9%,Uruguay,,112.4K
44,Adriana Artieda @adrianartiedaa,358.7K,2.05%,Uruguay,Entertainment and Music Celebrity,107.6K
45,Alejandro Curcio @alecurcio_capitaldevida,350.9K,0.21%,Uruguay,Auto and Vehicles,105.3K
46,Pipa Barbato @pipabarbato,350.5K,2.7%,Uruguay,Entertainment and Music Actors Music,105.2K
47,Matías Vecino @vecino,346.2K,8.8%,Uruguay,Soccer Actors,103.8K
48,Marcelo Saracchi @cheloosaracchi,332K,14.1%,Uruguay,Actors Modeling,99.6K
49,🔥Juani Fer🔥 @juani_fer_yt,324.9K,3.29%,Uruguay,,97.5K
50,Teledoce @teledoce,316K,0.07%,Uruguay,Actors,94.8K
51,Facu Torres 🤙🏻 @facutorres11,313.6K,12.64%,Uruguay,Sports,94.1K
52,Luis Lacalle Pou @luislacallepou,313.4K,1.97%,Uruguay,Education Actors Journalists,94K
53,Fede Anto Puñales 🔥 @fedepunales_,311.5K,1.58%,Uruguay,Entertainment and Music Marketing and Advertising Actors,93.5K
54,Felipe Carballo @felicarballo,309.5K,12.7%,Uruguay,Outdoor Activity Actors,92.9K
55,Manuel Ugarte @ugartemanu,299.5K,18.84%,Uruguay,Sports,89.9K
56,cande @candeesamp,284.5K,7.01%,Uruguay,Celebrity,85.4K
57,LUCHO🧢 @lulilamas03,283.8K,0.56%,Uruguay,Marketing and Advertising,85.1K
58,Agustín Galeano 🌱 @hijo_de_la_tierra,283K,4.53%,Uruguay,Arts and Crafts Life and Society Home and Garden Parenting,84.9K
59,Catalina de Palleja @catadepalleja,282.1K,0.64%,Uruguay,Food Marketing and Advertising Chef Recipes,84.6K
60,José Rodríguez @pumitaa_4,280.8K,9.31%,Uruguay,Sports,84.2K
61,Florencia Servente Arquitecta @mamaarquitectauy,279.6K,0.41%,Uruguay,Home and Garden,83.9K
62,Luli Rodriguez 📍🇺🇾 @luli_rodriguez01,273.5K,7.5%,Uruguay,Education Arts and Crafts,82.1K
63,L U A N A @luanapersincula,267.4K,3.93%,Uruguay,Art Actors,80.2K
64,Montero 🤯 @_montero.okk_,263.7K,24.5%,Uruguay,,79.1K
65,Álvaro Recoba @chino_recoba20,257.9K,2.16%,Uruguay,Soccer Actors,77.4K
66,club de fans de Natalia Oreiro @natalia_oreiro_official,254.6K,3.8%,Uruguay,Entertainment and Music Music DJ,76.4K
67,Agustin Canobbio @agus_cano7,252.2K,6.93%,Uruguay,Sports Soccer Actors,75.7K
68,•🦋 𝓕𝓪𝓽𝓲𝓲 🦋• @pitufita_blanca,235.8K,4.9%,Uruguay,,70.7K
69,Matias Mier @mati.mier,231.5K,2.9%,Uruguay,Sports,69.4K
70,Canal 4 @canal4_uy,230.2K,0.01%,Uruguay,Entertainment and Music News Actors,69.1K
71,Guadalupe Larrachart @glarrachart_,226.1K,2.26%,Uruguay,,67.8K
72,Beel @belnavadian,216.4K,0.66%,Uruguay,Life and Society family Marketing and Advertising Actors,64.9K
73,N.A.R.K @nark_free,214.3K,22.1%,Uruguay,Entertainment and Music Funny Life and Society Marketing and Advertising,64.3K
74,Rodrigo Lussich @rodrilussich,214K,1.1%,Uruguay,Actors,64.2K
75,Diego Laxalt @cdlss93,213.8K,1.1%,Uruguay,Sports Soccer,64.1K
76,Santiago Pisano @santipisano.cb,208.1K,9.19%,Uruguay,Beauty and Self Care Marketing and Advertising,62.4K
77,Iván Alonso @alonsoivan24,207.3K,0.7%,Uruguay,Soccer Actors,62.2K
78,Nicolas Lodeiro @nicolaslodeiro,207K,1.79%,Uruguay,Soccer Journalists,62.1K
79,Marco Alvez Misterios de Nuestro Planeta @misterios_tierra00,204.6K,1.59%,Uruguay,,61.4K
80,Yuyu @yhubertt,198.1K,7.42%,Uruguay,Fashion Actors Modeling,59.4K
81,Hugo Martin Sierra @hugomartin_sierra,193.9K,5.5%,Uruguay,,58.2K
82,Sodimac Uruguay @sodimacuy,190K,0.21%,Uruguay,Home and Garden,57K
83,El Observador (Uruguay) @observadoruy,189.6K,0.2%,Uruguay,News Actors Journalists,56.9K
84,CAU7E 🇺🇾 Martin Cauteruccio @mcaute,189.6K,10.3%,Uruguay,Sports Soccer Actors Journalists,56.9K
85,@tia_stefi,189.4K,3.4%,Uruguay,,56.8K
86,maius @itsmaius,188.7K,7.09%,Uruguay,Marketing and Advertising,56.6K
87,Sebastian Caceres @seba4caceres,184.1K,13.73%,Uruguay,,55.2K
88,Gaston “Tonga” Reyno @gastonreyno,182.4K,1.94%,Uruguay,Actors Coaching Gym,54.7K
89,Paulo Pezzolano @pezzolanodt,182K,7.35%,Uruguay,Sports,54.6K
90,Fernando Sosa🇺🇾🇺🇾🇺🇾 @fernandososa_tropicalgem,179.9K,1.35%,Uruguay,Entertainment and Music Celebrity,54K
91,𝝙𝗡𝗗𝗬 𝗩𝗜𝗟𝝙 @andyyvila,176.8K,1.3%,Uruguay,Entertainment and Music Marketing and Advertising,53K
92,Tabare Viudez @tabare_viudez,173.9K,6.77%,Uruguay,,52.2K
93,𝐂𝐋𝐀𝐑𝐈𝐒𝐀 𝐀𝐁𝐑𝐄𝐔 | Uruguaya 🇺🇾 @clariabreuok,169.2K,0.73%,Uruguay,Fashion and Accessories Actors Modeling,50.8K
94,El Reja @elrejaoficial,168.6K,3.72%,Uruguay,Entertainment and Music Marketing and Advertising Music Actors,50.6K
95,Brian Rodriguez.⚡️🇺🇾 @brianrodriguez_10,164.4K,12%,Uruguay,,49.3K
96,Rafa Cotelo @rafaelcotelo,162.9K,0.68%,Uruguay,Actors Travel Photography,48.9K
97,Seba Almada @sebaalmadaok,159.8K,0.36%,Uruguay,Entertainment and Music Actors,48K
98,Las Pelotas @laspelotas,158.8K,1.3%,Uruguay,Actors,47.6K
99,🎬Alexis Drewed 🇺🇾(Youtuber) @alex_drewed,156.9K,1.8%,Uruguay,Actors Modeling,47.1K
100,Ruben Rada @negrorada,156.6K,4.88%,Uruguay,Entertainment and Music Actors,47K
