#,NAME,FOLLOWERS,ER,COUNTRY,TOPIC OF INFLUENCE,POTENTIAL REACH
1,Trevor Noah @trevornoah,745.5K,2.67%,South Africa,Comedy Entertainment & Music,223.6K
2,Tabitha Brown @iamtabithabrown,336.1K,1%,South Africa,Food,100.8K
3,Loading… @nasty_csa,142.8K,1.17%,South Africa,Entertainment & Music,42.8K
4,Demi-Leigh Tebow @demitebow,100.9K,0.29%,South Africa,Fashion & Accessories,30.3K
5,Boity Thulo @boity,94.1K,0.98%,South Africa,Entertainment & Music Fashion & Accessories Beauty & Self Care,28.2K
6,PRESIDENT YA STRAATA 👨🏾‍💼 @focalistic,78.8K,1.01%,South Africa,Entertainment & Music Fashion & Accessories,23.6K
7,Khanyi Mbau Metanoia @mbaureloaded,57.3K,0.46%,South Africa,Entertainment & Music Finance Product Showcase,17.2K
8,Abuti Thabi @thabangmolaba_,50.4K,0.41%,South Africa,Entertainment & Music Acting & Drama Fashion & Accessories,15.1K
9,Andiswa The Bomb🫦 @thebomb.rsa,47.8K,1.35%,South Africa,Fashion & Accessories Entertainment & Music,14.3K
10,Bontle MmaAfrika Moloi @bontle.modiselle,42.5K,0.81%,South Africa,Entertainment & Music Arts & Crafts Dance,12.8K
11,Seemah Mangolwane @s.eemah_x,40.8K,1.58%,South Africa,Fashion & Accessories,12.2K
12,MTV Base Africa @mtvbaseafrica,38.6K,0.16%,South Africa,Entertainment & Music,11.6K
13,MENS STYLE DESTINATION @audrey_lunda,36.2K,0.6%,South Africa,Fashion & Accessories Photography,10.8K
14,Kellan Hendry @kellansworld,34.7K,0.09%,South Africa,Funny,10.4K
15,AMAWELE 📿 @majorleaguedjz,33.8K,0.66%,South Africa,Entertainment & Music,10.1K
16,Jessica Nkosi @jessicankosi,32.8K,1.53%,South Africa,Acting & Drama,9.8K
17,WOOLWORTHS SA @woolworths_sa,31.6K,0.58%,South Africa,Fashion & Accessories Food Home & Garden,9.5K
18,Quinton Masina @naked_dj,28K,0.97%,South Africa,Entertainment & Music,8.4K
19,"Siyamak Saleh, MD @doctor.siya",27.7K,0.11%,South Africa,Education Fitness & Health,8.3K
20,Ndlovu Youth Choir @choirafrica,27K,0.21%,South Africa,,8.1K
21,Nkosazanah _Daughter @nkosazana_daughter,26K,2.58%,South Africa,,7.8K
22,Dr Musa Mthombeni @drmusamthombeni,25.5K,0.89%,South Africa,Health & Fitness,7.7K
23,P E A R L 🔸 M O D I A D I E @pearlmodiadie,24.5K,0.4%,South Africa,Entertainment & Music family,7.3K
24,Maps Maponyane @mmaponyane,23.8K,1.36%,South Africa,Entertainment & Music Food,7.1K
25,Tasia M S @tasia.m.s,23.1K,8.78%,South Africa,Arts & Crafts,6.9K
26,Andile Ncube @andilencube,23K,0.55%,South Africa,Entertainment & Music,6.9K
27,J O S H U A E A D Y @justblamejosh,22.6K,0.13%,South Africa,Entertainment & Music,6.8K
28,Alex Jimenez @theyachtguy,22.5K,0.07%,South Africa,Auto and Vehicles Travel,6.8K
29,King of the fall @tylericu,22.3K,3.26%,South Africa,Entertainment & Music,6.7K
30,Mooya Musunga @mooya.musunga,21.5K,1.13%,South Africa,Entertainment & Music Funny,6.5K
31,Marlon du Toit 🐾 @marlondutoit,21.2K,0.71%,South Africa,Outdoor Activity Photography Travel,6.4K
32,Kay Yarms @kay.yarms,20.8K,2.27%,South Africa,Beauty & Self Care Lifestyle,6.2K
33,Minnie Dlamini @minniedlamini,20.8K,0.66%,South Africa,Entertainment & Music Sports,6.2K
34,Nadia Jaftha @nadiajaftha,20.3K,1.36%,South Africa,Acting & Drama Entertainment & Music Fashion & Accessories,6.1K
35,Sarah Langa @sarahlanga,19.9K,1.31%,South Africa,Fashion & Accessories Education,6K
36,Officially Worlds Youngest DJ @djarchjnr,19.7K,0.78%,South Africa,Entertainment & Music,5.9K
37,Tumelo Mphai🇿🇦 @djmelzi_official_,18.9K,0.8%,South Africa,Music,5.7K
38,DJ Fresh (SA) @djfreshsa,18.2K,0.39%,South Africa,Entertainment & Music,5.5K
39,𝓣𝓱𝓪𝓷𝓭𝓸𝔀🤍🎀🧸 @itss.thandooo,17.8K,3.22%,South Africa,Entertainment & Music,5.3K
40,Chad Jones @chad_13jones,17.8K,0.61%,South Africa,Food,5.3K
41,FRESHMEN AMAPIANO @freshmenamapiano,17.6K,0.65%,South Africa,Entertainment & Music,5.3K
42,DJ Sbu @djsbulive,17.1K,1.33%,South Africa,Entertainment & Music,5.1K
43,Clement Maosa @clementmaosa,17K,0.2%,South Africa,Arts & Crafts Entertainment & Music Acting & Drama,5.1K
44,Jade 🇿🇦🌊 @jadegrobler,16.6K,0.53%,South Africa,Nature Outdoor Activity,5K
45,Khanyisa Patricia @iam_khanyi95,16.6K,1.47%,South Africa,Entertainment & Music,5K
46,𝖅𝖆𝖕𝖕𝖍𝖆𝖎𝖗𝖊 𝕰𝖛𝖊𝖓𝖙𝖘 @zapphaire_events,15.8K,0.21%,South Africa,Romance & Wedding Corporate,4.8K
47,CultureCollecter @culturecollecter,15.1K,1.34%,South Africa,Arts & Crafts Entertainment & Music,4.5K
48,Ah Mozisi @tsoanieskits,14.5K,2.17%,South Africa,Entertainment & Music Funny,4.3K
49,Oros Mampofu @oros_mampofu,14.4K,0.73%,South Africa,Acting & Drama,4.3K
50,Dumisa Sakwe @orianevansy,14.2K,8.41%,South Africa,Entertainment & Music,4.3K
51,Nomvelo Makhanya 🤍 @_mvelomakhanya,14.1K,1.13%,South Africa,Entertainment & Music Education,4.2K
52,Fehmz @fehmz,14.1K,0.32%,South Africa,Food Travel,4.2K
53,K Naomi Phakathi @knaomin,13.9K,0.67%,South Africa,Fashion & Accessories,4.2K
54,Waleed Wayne Parnell @parnygram,13.7K,0.57%,South Africa,Sports,4.1K
55,Trevor @trevor_stuurman,13.5K,-,South Africa,Arts & Crafts Fashion & Accessories,4K
56,Rinat Sport @rinatoficial,12.9K,0.14%,South Africa,Sports,3.9K
57,Midnight Sesh 🧸 @hlogi_mash_,12.8K,1.83%,South Africa,Sports Entertainment & Music,3.8K
58,Carla Kanungo @carlaruthdennis,12.8K,0.17%,South Africa,Fashion & Accessories Home & Garden Beauty & Self Care,3.8K
59,MakaSphalaphala @snezieymsomi,12.7K,0.73%,South Africa,Fashion & Accessories Entertainment & Music,3.8K
60,RICH MONALISA @mawhoo_,12.4K,1.77%,South Africa,Entertainment & Music,3.7K
61,Spura Ke Starra @_spura,11.6K,2.88%,South Africa,Arts & Crafts,3.5K
62,Lluvia Faye🤍 @king_lluvia,11.6K,0.75%,South Africa,Fitness & Health Fashion & Accessories,3.5K
63,HUNGANI NDLOVU @hunganindlovu,11.2K,0.7%,South Africa,Acting & Drama Entertainment & Music,3.3K
64,rowlene 🐈‍⬛💕 @rowlene_sa,11.1K,0.36%,South Africa,Entertainment & Music,3.3K
65,Boitumelo Kelebone Katali @stylesbytumi,10.9K,0.24%,South Africa,Fashion & Accessories Product Education Product Showcase,3.3K
66,Sipho Alphi Mkhwanazi @alphi_sipho,10.9K,1.48%,South Africa,Entertainment & Music,3.3K
67,ProVerb @proverbmusic,10.8K,0.46%,South Africa,Entertainment & Music,3.2K
68,Clicks_SA | Beauty @clicks_sa,10.7K,0.5%,South Africa,Product Education,3.2K
69,ANELISA x ASANELE @sobekwatwins,10.7K,-,South Africa,Fashion & Accessories,3.2K
70,Rolene Strauss @rolenestrauss,10.6K,0.55%,South Africa,Education,3.2K
71,MAXHOSA AFRICA™ @maxhosa,10.6K,1.25%,South Africa,Fashion & Accessories,3.2K
72,Mr_mbilimbili(Morio) @mr_mbilimbili,10.6K,1.78%,South Africa,Entertainment & Music Funny,3.2K
73,Hayleigh Chamberlain @haylsworld,10.5K,0.93%,South Africa,Product Education Travel,3.2K
74,Lunga Shabalala 🥇 @lunga_shabalala,10.5K,1.29%,South Africa,Entertainment & Music,3.1K
75,Superbalist.com @superbalist,10.4K,0.46%,South Africa,Fashion & Accessories,3.1K
76,khaya dlanga @khayadlanga,10.3K,1.03%,South Africa,Education,3.1K
77,Rachel Kolisi @rachelkolisi,10.2K,0.71%,South Africa,family Education,3.1K
78,Tumelo Candice Modiselle @candicemodiselle,9.9K,-,South Africa,Entertainment & Music,3K
79,BO$$ @barbiie.stallion,9.8K,0.39%,South Africa,Entertainment & Music,2.9K
80,Thapelo Mokoena @mokoenalive,9.8K,1.24%,South Africa,Acting & Drama,2.9K
81,MAJORSTEEZ 🇿🇦 @officialmajorsteez,9.5K,1.62%,South Africa,Entertainment & Music,2.9K
82,Jeandre Olivier @lil_machine6,9.5K,1.42%,South Africa,Entertainment & Music,2.9K
83,Tshepi Vundla @tshepivundla,9.4K,0.51%,South Africa,Fashion & Accessories family Beauty & Self Care,2.8K
84,❤️🌈Paballo Lebeko🇿🇦 @parbie_broox,9.2K,0.64%,South Africa,Beauty & Self Care,2.8K
85,Monte OZ @monteozafrica,9.2K,0.21%,South Africa,Travel Fashion & Accessories,2.8K
86,OneDayOnly.co.za @onedayonlycoza,9K,0.28%,South Africa,Product Showcase,2.7K
87,Red Bull South Africa @redbullza,9K,0.51%,South Africa,Outdoor Activity Sports,2.7K
88,Cell C Sharks @sharksrugby,8.8K,0.85%,South Africa,Sports,2.6K
89,Nobuntu Carol Thango @missthango,8.8K,0.08%,South Africa,Fitness & Health,2.6K
90,BASETSANA SIKHAKHANE🇿🇦 @ntom_bie,8.5K,0.37%,South Africa,Fitness & Health Fashion & Accessories,2.6K
91,CapeTownMagazine.com @capetownmag,8.3K,0.18%,South Africa,Travel,2.5K
92,Nathan @nathanmolefe,8.2K,6.4%,South Africa,Auto and Vehicles Entertainment & Music Funny,2.5K
93,PRECIOUS | Wedding & Event Planner @precioustheplanner,8.2K,-,South Africa,Romance & Wedding,2.5K
94,ZULU MKHATHINI @zulumkhathini,8.2K,0.18%,South Africa,Entertainment & Music,2.4K
95,Social Media Specialist @nochill_god,8.1K,0.14%,South Africa,Entertainment & Music Funny,2.4K
96,Online Magazine South Africa @mzansi_shakers,8.1K,0.13%,South Africa,Food Travel Entertainment & Music,2.4K
97,JSomething @jsomethingmusic,8.1K,0.55%,South Africa,Entertainment & Music,2.4K
98,Nosipho Makhanya @nozipho_m_,8.1K,0.15%,South Africa,Fashion & Accessories Entertainment & Music Education,2.4K
99,Shawn Ogulu @shawnogulu,7.9K,0.71%,South Africa,Nature Animals Photography,2.4K
100,𝖳 𝖲 𝖧 𝖤 𝖦 𝖮 𝖬 𝖠 𝖭 𝖢 𝖧 𝖤 🧿 @msmanche,7.9K,0.22%,South Africa,Fashion & Accessories Business & Entrepreneurship family,2.4K
