#,NAME,FOLLOWERS,ER,COUNTRY,TOPIC OF INFLUENCE,POTENTIAL REACH
1,Die Antwoord @UC6DicDItkLQ7N4ag1JS5mqg,3.3M,1.3%,South Africa,,978K
2,Noel Deyzel @UCMp-0bU-PA7BNNR-zIvEydA,2.9M,-,South Africa,,864K
3,Openmic Productions @UCzMzPGGVKpjZAJy1aOAUieA,2.4M,-,South Africa,Marketing and Advertising Music,732K
4,The Supa Strikas - Kids Soccer Cartoon @UCdtojT_ZwTRlZThoBSMVhoQ,2M,-,South Africa,,597K
5,Boomerang Africa @UCgGq2xHDvUHSUzs7VOIdKKw,2M,-,South Africa,,594K
6,Cartoon Network Africa @UCYXAcMNZRdYkR-vKV3OO1DQ,1.9M,-,South Africa,Travel Video Gaming,555K
7,SABC News @UC8yH-uI81UUtEMDsowQyx1g,1.6M,-,South Africa,,480K
8,Pastor Alph Lukau @UCmBMGitwFg3dDFNtOSQT1JQ,1.5M,-,South Africa,,435K
9,Hayls World @haylsworld,1.3M,0.4%,South Africa,,393K
10,Wian @UC3xgevNpGmAgWpdjtTXR20w,1.2M,-,South Africa,,360K
11,DJ Arch Jnr @UCQ1hYup0TxMjuGInZFkftzA,1.2M,-,South Africa,,345K
12,The Kiffness @UCFy846QdKs3LbLgBpSqPcdg,1.2M,2.7%,South Africa,,345K
13,michael jamison @UC3SIm-UNl4Ou381-PYKzU8w,1.1M,-,South Africa,Pets,342K
14,OMFilms @UCEZ6QFA7F37E--lqew7wbAQ,1.1M,-,South Africa,,333K
15,Nasty_C @UC01ompoZ0RMCuWP2ZODqzbg,947K,0.4%,South Africa,,284.1K
16,Spirittunez @UCVTDsWA7ItkDj9vt9Kt_oCw,942K,-,South Africa,,282.6K
17,MzansiMagicOfficial @UCSEibSG6dlUJvkC40IpNMRQ,931K,-,South Africa,,279.3K
18,DLM Men's Lifestyle @UC07qAfGd_Tqu8xRG6yPtw3A,863K,-,South Africa,,258.9K
19,Steegs Vlogs @UCrwNyJioqAkfjQgqpQE-VtA,863K,-,South Africa,,258.9K
20,Zee World Africa @UCdxk_T-82-s_J4ChPpw2sdg,829K,-,South Africa,,248.7K
21,MDM Sketch Comedy @UCedZvSQVma70F1O67NOuYZw,803K,-,South Africa,,240.9K
22,Zee TV Africa @UC5QOxgivpL-StHjEaEu92gg,802K,-,South Africa,,240.6K
23,Dan Mace @UCZfPrUL62TN74Mmrn-O_pZQ,795K,0.4%,South Africa,,238.5K
24,MacG @UC7BXdXFxVgMPKmBeDgx2QrQ,770K,1.3%,South Africa,,231K
25,Lasizwe Dambuza @UCVbVao4QtBLarbX01DX9YRg,763K,0.3%,South Africa,,228.9K
26,Ambitiouz Entertainment @UCniUHTOy5nONQG1M4sSIHQg,736K,0.2%,South Africa,,220.8K
27,Mziiki @UCgyz0qRzl96ydHBxkPD1pBw,715K,-,South Africa,,214.5K
28,Caitlin De Ville @UCo5K4hzIXcf2qhFAQpwUdxg,703K,0.2%,South Africa,,210.9K
29,MajorLeagueDjz @UCazIPE4aYxzcAjaBoSspLHw,687K,0.4%,South Africa,,206.1K
30,Zeus Studios @UC88vhhMsuOtE7hk2Ys_YEuA,658K,-,South Africa,,197.4K
31,Prophet Shepherd Bushiri @UCcbBHQXuSkw8Me1vnY-u4bw,637K,-,South Africa,,191.1K
32,Cricket South Africa @UCzevPCfP7MtRqOB0ZkU5cwg,578K,-,South Africa,,173.4K
33,Make Afrika Great @UCKLSjhp6XZUEYDT1DMcrj8w,540K,-,South Africa,,162K
34,LEON GUMEDE @UCIYIqQy8QwD5MEOachFjr6A,518K,-,South Africa,,155.4K
35,Lloyiso @UC_jBXeWtwdqV14jldwAgsWg,510K,-,South Africa,,153K
36,Evangelist Gabriel Fernandes @UCTnXL2SKHAo0fHVW1WSaqfw,493K,0.3%,South Africa,,147.9K
37,Zee Magic @UC8WD329DJWB2DTYLQTUpUuw,487K,-,South Africa,,146.1K
38,90 Second IQ Boosters @UCFLqqGVE_E8G3Sn-nhKmkAQ,472K,-,South Africa,,141.6K
39,Ramscomics @UCDjBqVmjUMFipzcINJbgOVQ,459K,2.9%,South Africa,,137.7K
40,WildEarth @UCV6HJBZD_hZcIX9JVJ3dCXQ,456K,-,South Africa,Video Gaming,136.8K
41,you belong @UCAVmHjQH2rGQ58MGEPlLSWA,455K,-,South Africa,,136.5K
42,MaroGamingStudio8k @UCSUcdHS_ZyQmqTgKXhJ3RxQ,450K,-,South Africa,,135K
43,MalaMala Game Reserve @UCry5EFdbEMavAhQZht_nVbw,437K,-,South Africa,Video Gaming,131.1K
44,Dj Maphorisa @UCFXyVm03fMlzI4B4sQkDtBA,424K,3.3%,South Africa,,127.2K
45,Jono Dry @UC1ez5vPW1WtzXLd1G18XI3w,411K,0.3%,South Africa,,123.3K
46,Mihlali N @UCWhkEFN9UXdV2zFFZvP7O0A,394K,2.4%,South Africa,,118.2K
47,TechNick @UCK81mcGq-hLp3oqYG6dOcaw,391K,0.5%,South Africa,Technology,117.3K
48,Mr. Bow @UCRuStbjeDvthcvGcr1XO82Q,384K,-,South Africa,,115.2K
49,IdolsSA @UCIqNOMtvwCM3vwFi38WvQ5g,381K,-,South Africa,,114.3K
50,SABC Education Shows @UCnHspqMx6eWIgCQfExI4Rdg,370K,-,South Africa,,111K
51,Sasenathi Studios @UCexgibQk1N1h5VILnh0lXTw,370K,2%,South Africa,Celebrity,111K
52,1 Magic @UCAG4-W08jyodx28VmG-xxMw,356K,-,South Africa,,106.8K
53,AfricaOnNetflix @UCzi3g9ade6lq-nGjShQOJJg,356K,-,South Africa,,106.8K
54,BOLO HOUSE MUSIC @UCZBIKNpYXxh-Hl7vf7swyLQ,348K,-,South Africa,,104.4K
55,Muslim Central @UCz4AXmFeSbi-0vPXI102Q5w,346K,-,South Africa,,103.8K
56,Kruger Park Sightings @UCYxhhlA-a4_9241xgN6_hdg,345K,-,South Africa,,103.5K
57,Skits By Sphe @UC7OJqnWqGY9GTXjYatkQEPQ,341K,0.6%,South Africa,,102.3K
58,Reinhardt Buhr @UCCD_GyqAJ2w5UpH9R4yIEjw,328K,-,South Africa,,98.4K
59,Cassper Nyovest @UCZsEDryBFbqJ_oeOZB__hNw,327K,-,South Africa,,98.1K
60,Gemini Blessed TV @UCwIa8TXPdIdczCTkgdGvlSQ,326K,-,South Africa,,97.8K
61,Sean Kitching @UC3oFJp8_9KniTt_31-GcQKA,319K,0.1%,South Africa,,95.7K
62,In Depth Cine @UCUodELQsFwF8dq0X-bK9FQQ,318K,-,South Africa,,95.4K
63,Cars.co.za @UCB-mfYAd3oJLEkoMxjRAxbg,314K,0.1%,South Africa,Automotive,94.2K
64,Anton Koen @UCDPicZC2OZKhd4ZhpeS1Mlw,312K,0.2%,South Africa,,93.6K
65,William Last KRM @UClHh8adR12eC41xCPPuBmBQ,311K,0.2%,South Africa,,93.3K
66,SamupertyZuluTV @UC7Zn__KZqh8QFA-PGnpJcOg,306K,0.9%,South Africa,,91.8K
67,United Oromia @UCG9iFxTnt5MapeJ0rz7AJFA,295K,-,South Africa,Celebrity Music,88.5K
68,Mafikizolo @UCqyuB-Y1zGRwO8wRNYGW92A,292K,16.4%,South Africa,,87.6K
69,RockSteady Creatives @UC-NUnxjx_g2Chj4riFdpDmw,288K,-,South Africa,,86.4K
70,We Love Africa @UCX80qmC9baw6HXrSjfybdmQ,284K,-,South Africa,,85.2K
71,Makhadzi @UCSyGLZWpjz1hsIUvwAu9gaQ,283K,2.3%,South Africa,,84.9K
72,Jack Bohloko @UCjOfF7d911dLcJWRavezk8A,279K,-,South Africa,,83.7K
73,Prince Kaybee @UCR7jIlutgJoNfcqq4GDoH2w,277K,-,South Africa,,83.1K
74,Showmax @UCrwTExTkzOhMYkisQRHC2rg,266K,-,South Africa,,79.8K
75,Mr JazziQ @UCAdL_OJQ8El-Yxye0FE4jeQ,263K,2.3%,South Africa,,78.9K
76,beautarie @UCkOpz7yI4B2BG9s0GhlHEYQ,261K,-,South Africa,,78.3K
77,Johan Swanepoel @UCBjwqkvxKq_acOSLRMgzp9g,256K,-,South Africa,,76.8K
78,Mpoomy Ledwaba @UC72Q1TW6NVbcpt604NgX5KQ,254K,-,South Africa,Music,76.2K
79,Cream Puff @UCVDPmj45l94H_bsum7mfnGw,254K,-,South Africa,,76.2K
80,Wild Africa Adventure Films @UCbgAsqAJYbNW3RdgIfjy67g,247K,-,South Africa,,74.1K
81,Built IRL @UC4gbCGiEov1VAcOFpfGKPiA,245K,-,South Africa,,73.5K
82,Kay Yarms @UCpEquK2QpZrwIFzxwnr9-Gg,244K,5.3%,South Africa,,73.2K
83,Inkabi Records @UCqQFGn61VFpAODl5ZLiCGKA,235K,7.5%,South Africa,,70.5K
84,Xhosanostra TV @UCTKqP0KbvbRlnGKzcwfrWAw,235K,2.7%,South Africa,,70.5K
85,Emotional reader @UCAIks49asygzUcmov8B10BQ,234K,-,South Africa,,70.2K
86,Mzansi Fresh Dancers @UCSWAzxal9yd3RH15d0a9nNw,232K,0.6%,South Africa,,69.6K
87,Game Drive Channel @UCMkrN4gjvV7zslL_Kl8tSCQ,231K,-,South Africa,,69.3K
88,MUTHALAND TV @UCCvzuJsuwojJnSQwmUKan4Q,230K,-,South Africa,,69K
89,DStv @UCgK0ISOrgUkitGvKo4c9Wfg,230K,-,South Africa,,69K
90,Lesiba Mothupi @UChCc2cTYSxDjUafGQSRmaDw,225K,0.4%,South Africa,,67.5K
91,Kusemek @UCUXL7_cdSqJiZn_XqMkUaww,223K,-,South Africa,,66.9K
92,Tio Yado Humorista Arte Tv @UC8mfwn3nN1_vRnJ1s1HWnEQ,222K,-,South Africa,,66.6K
93,Koko Records @UCO-NoPS5l1g1cvbqp8lYHpQ,217K,1%,South Africa,,65.1K
94,Woodshop Junkies @UCzHueSosfT92NUVmhrz7Hjw,217K,1%,South Africa,,65.1K
95,Sho Madjozi @UCkOVK-tMYtEITJkzsnm-uUg,215K,-,South Africa,,64.5K
96,Elaine @UCjA1wdpqvS6yxHVdV1rxedQ,214K,-,South Africa,,64.2K
97,Tekweni @UC3t8OVRjPKHowGxmTzxs6qA,213K,-,South Africa,,63.9K
98,Detormentis @UCL5MgQS6VbE9DOwi-R5Vh6w,210K,-,South Africa,,63K
99,Mindset @UC_ayO9NLpGuhCvxnWZ0KwYw,208K,-,South Africa,,62.4K
100,BET International @UCZslbJ9Nu1TS4y6kqEtERXg,207K,-,South Africa,,62.1K
