#,NAME,FOLLOWERS,ER,COUNTRY,TOPIC OF INFLUENCE,POTENTIAL REACH
1,D4rkFrame @UC7wseMScXyaEP7ubWutNZmQ,4.9M,0.3%,Portugal,,1.5M
2,WildBrain em Português @UCKWGr9VyIYn_c6gXbYctH3w,4.5M,-,Portugal,,1.4M
3,Temperos e Sabores @UCN3Grwgu5ZFNZzkl4IY3V1w,4.4M,-,Portugal,,1.3M
4,wuant @UCSHSIx0CttXzzuT3YLVZC7Q,3.7M,-,Portugal,,1.1M
5,Fer0m0nas @UC4pxiz_9Ok-B4jiKBVYLODg,3.2M,-,Portugal,,972K
6,Panda E Os Caricas @UCrRCYfAdzBO3ViaOseB9dJw,2.9M,-,Portugal,,855K
7,FEEL MY STYLE @UCYG6DQUw79szmnuNux_S8pg,2.8M,-,Portugal,,846K
8,Nu Meditation Music @UCYy9EGb3fvmUSgMVfJ7KXJw,2.6M,-,Portugal,,786K
9,Os Amiguinhos Contos e Historinhas @UCy2lbjas8-0tw1nGkDkWo5A,2.2M,-,Portugal,,651K
10,Olena Starodubets @UC_o_CN1UbEuIN4VA-08WRpQ,2.1M,0.1%,Portugal,,618K
11,MIRACULOUS - As Aventuras de Ladybug @UCBDEu1tO_K4CpfHJqo6jxmQ,1.9M,-,Portugal,,567K
12,Gabriel Herrera @UCmJocBytBRMbGw6haSRXnjQ,1.6M,0.7%,Portugal,,477K
13,Dreamau @UCGDXvB6qgN7JQ1w2_rBalFA,1.6M,6.2%,Portugal,,471K
14,V Kids @UCLvYm3vnjj1ehSW1YJ7KcQA,1.6M,-,Portugal,,471K
15,Cakepedia @UCB5-vMdPI0bLMtmgtOHJGMQ,1.4M,-,Portugal,,423K
16,自说自话的总裁 @UCgo_-fjJxnLwwwq5dSY72rg,1.4M,-,Portugal,,417K
17,Dima e Carros @UCsgVEZ5vrKQrQQER7p5HwBA,1.4M,-,Portugal,,405K
18,Eiro Nareth @UCOR-iqlcedb8VMnax37m3MQ,1.3M,-,Portugal,Celebrity Music,384K
19,Eatyourkimchi Studio @UCLMtDePlMyiqv2XC_ByNEVQ,1.2M,-,Portugal,Food and Drink,366K
20,Pi @UCSmFxzDZh8M2oKlRslNtdWw,1.1M,0.1%,Portugal,,342K
21,K Tech @UCJY41yD2uXdj3sV-8sMOcGw,1.1M,0.2%,Portugal,Technology,342K
22,Município Boticas @UC7IsOoh1TfF9sc1gisWwKgQ,1.1M,-,Portugal,,339K
23,Lorenzo F7 @UC7oiSNQLq7o-NpYP-SEY_NQ,1.1M,0.5%,Portugal,,336K
24,SEA3P0 @UC3l2Zful_g75Ue4SxDvrnlw,1.1M,3.7%,Portugal,,333K
25,Dino Pereira @UCdwXIx_-gEak1Wz2ijdq12g,1.1M,-,Portugal,,315K
26,RicFazeres @UC7I9vRncx1-vox41l1A0ACQ,1M,0.5%,Portugal,,312K
27,Vidisco @UC2dRgDzWQAlQLSiGpXe1P-g,906K,-,Portugal,,271.8K
28,GET HANDS DIRTY @UCETeXD_3awsQv-9rSdCYXQQ,856K,-,Portugal,,256.8K
29,David Carreira @UCoH3ygrYF3XybrWwuok7FeQ,831K,-,Portugal,,249.3K
30,O Português @UCWS5F4p6vprd5T7qhhjKERg,822K,-,Portugal,,246.6K
31,Mariana's Corner @UCEHp_b02I0GvTYCBPX_0w1g,764K,-,Portugal,,229.2K
32,Kids Channel Português - Vídeo Para Crianças @UCckWKg08w2GqD-lqs0fg2XA,739K,-,Portugal,,221.7K
33,Sonhos com Dimensão @UCx7QdPOlCl0j5Oz7qBS3FuQ,735K,-,Portugal,,220.5K
34,JoãoSousa @UCWVKNqYxjqNPKx-K-4lnF1Q,734K,-,Portugal,,220.2K
35,Mr Nikki @UCc69IW4ZVJ2faI75VnQKMIA,707K,0.1%,Portugal,,212.1K
36,ZigZagGamerPt @UCuYqBWUJhB4TR376MWJqqbg,693K,-,Portugal,,207.9K
37,Fonte Divina @UCXy6tat869padQ5k9THWEPQ,687K,-,Portugal,,206.1K
38,Andre Antunes @UC8zTlrhQ0w1-TZjc2-jdcag,683K,3.3%,Portugal,,204.9K
39,Decorando e Reciclando @UCm4Lf79QT1h-TP6Ba8998FA,682K,-,Portugal,,204.6K
40,Piruka @UCbD26D2EMiGBb0ELWIDCRDA,679K,9%,Portugal,,203.7K
41,AQ @UC0Om7v5VsIeBxlF384ltTHQ,678K,-,Portugal,,203.4K
42,General Knowledge @UCnD4jogYqIgUWY1ZYPU-Dew,669K,-,Portugal,,200.7K
43,Balavala @UCSYcBDipDQTKjplapRJzRxQ,659K,-,Portugal,,197.7K
44,Fernando JC Pereira @UC4Mi90YuiqxWDyx7B-8thHA,654K,-,Portugal,,196.2K
45,É-KARGA MUSIC ENT. @UCxTRQAf0rGrSf-16Nxyuhxg,639K,-,Portugal,,191.7K
46,DrM4ster @UCjTelsRVtkIG5EbQFx1xi7w,636K,-,Portugal,,190.8K
47,RTP @UCWPpeeDOykyH5ducPITCDPw,618K,-,Portugal,,185.4K
48,Louve O Senhor @UCMiidEeOggQv84W2wcRow2g,618K,-,Portugal,,185.4K
49,KazzioTV @UCM6_5DnzVOKypIuk7S_yxDA,616K,-,Portugal,,184.8K
50,ПЛАНЕТКА @UCKaB4TBa1bsIotb-F7UYzrQ,599K,-,Portugal,,179.7K
51,Cyber Chaos Crew @UCB1z6rlaCVPBnnhjG7YEK7Q,597K,-,Portugal,,179.1K
52,M O S T L Y strings @UCvF1TbHHdXwCfkX0OuU-UjA,594K,-,Portugal,,178.2K
53,Cozy Rain @UCfak21UYFUer7Nhucu3CuJA,581K,0.3%,Portugal,,174.3K
54,The Voice Kids Portugal @UCkGU7_h01Wb-lxNuQZQuSDQ,578K,0.2%,Portugal,,173.4K
55,Sana's Bucket @UCFsIeVGUCUg-asclkqVtRmQ,574K,-,Portugal,,172.2K
56,يلا بينا نلعب - Let's play @UCdO4BW_CkAYbtucM6xAA2Dw,546K,-,Portugal,,163.8K
57,Nuno Santos @UCbfKv0kMUqdswi5sO3BT7Jg,532K,-,Portugal,,159.6K
58,Ruca em Português [Caillou] - WildBrain @UCd9Tr90LbFouCtIv5FpXTWQ,530K,-,Portugal,,159K
59,HUGEL @UCWVBfvVTf3UrPA-z5gos60w,528K,0.1%,Portugal,,158.4K
60,Record TV Europa @UC-OAb1sTjfO6cJYVdn_1GgA,526K,-,Portugal,,157.8K
61,BrunuhVille @UCZg2-TZBGrwRbuettVf10uw,519K,1%,Portugal,Music Fashion,155.7K
62,verbovivoTv @UCoxeUqP_YR4kciGB9OW8Ukg,517K,0.1%,Portugal,,155.1K
63,D'vox Company-Ministerial School @UCcikQ4JnzfAcIbrwV20ZVDQ,510K,-,Portugal,,153K
64,Top Ideas @UCk6Dz31zGfMms-It9jujA-Q,506K,-,Portugal,,151.8K
65,Espacial Música @UClWHTsfPlLh08x4MzpKPUag,505K,-,Portugal,,151.5K
66,Mafalda Creative @UCkVFtkjbhZLlKxRoUGVrNVA,503K,1.5%,Portugal,,150.9K
67,MALUCO BELEZA @UCQB5g-ky8eFqFnV8PtKCJcA,502K,0.1%,Portugal,,150.6K
68,LiliOnScreen @UCBBWoP_miGpAVSJ21q0GIyA,500K,0.2%,Portugal,,150K
69,owhana @UCGFyfj2nf0cyUA3YvK5yeHg,493K,-,Portugal,,147.9K
70,Dose de Sucesso Tv @UCpgF7nlJqW6T55MCL9bLTHQ,479K,-,Portugal,,143.7K
71,Rádio Comercial @UCAFtSyiazoL-f6ufljgJzzA,461K,-,Portugal,,138.3K
72,Deejay Telio @UCW14g9lqLv2O8aFjJPXQOhA,454K,-,Portugal,,136.2K
73,SaborIntenso @UC4wsBtWPyyIGHX79-xe_YVg,453K,0.1%,Portugal,,135.9K
74,YoYo Portuguese Channel @UCGOfV10qfMVOk8COUmOrDAA,450K,-,Portugal,,135K
75,Alberto Bertouh Monteiro @UCoxUy800D926GLC2G-CdBnA,446K,-,Portugal,,133.8K
76,Miguel Luz @UChy4eVI-CC25KdzehjKi8PQ,444K,0.1%,Portugal,,133.2K
77,New Bliss @UC-gjtyoUTzGEwWM5Y1J4J7Q,442K,-,Portugal,Music,132.6K
78,PedroTim23 @UCLIev6V0-69zJED4-jzPLeg,442K,0.3%,Portugal,,132.6K
79,Dant @UC3ekshfBFMs7K1Ifwj853iQ,439K,0.1%,Portugal,,131.7K
80,Got Talent Portugal @UCqUvQUeCAOXlDnlNyHvpIZg,429K,-,Portugal,,128.7K
81,Gretchen & Você @UCELMHHfUtxRjW3vIOTr78Xg,424K,-,Portugal,,127.2K
82,Angie Costa @UCTalL-QLuDyYeGhO32p6tHQ,424K,3.1%,Portugal,,127.2K
83,Quiet Quest - Study Music @UC1dVfl5-I98WX3yCy8IJQMg,421K,-,Portugal,,126.3K
84,Tugaz @UCnDRmCtETHR1IM2L8e-Ul-w,420K,-,Portugal,Video Gaming,126K
85,Tiago Catarino @UCqLbTAc5Mn2cJDu1-FZ2W3g,419K,-,Portugal,,125.7K
86,Fernando Daniel @UCSgU1_31gLZFzpjC_MBtxoA,409K,5%,Portugal,,122.7K
87,Mi tarta preferida @UCz_i03nQ0pC1Uc5Y7gRLH6A,408K,-,Portugal,,122.4K
88,Místico Zen @UC35tN-humleJXiag3Svn4sQ,395K,-,Portugal,,118.5K
89,невер лаки @UCAFwox2gQw7YsJymIJUPLQg,387K,-,Portugal,,116.1K
90,Nelson Freitas @UCLAMW89zT-0yCbFW1egs6Ow,387K,0.2%,Portugal,,116.1K
91,Pororo l Conto・Cançõe para Crianças @UCSZTb1trm-t8IcKFVcg1oDQ,382K,-,Portugal,,114.6K
92,J. Pereira - Art Carving @UCbABT-dFadbI0tEEg1tCMbQ,381K,-,Portugal,,114.3K
93,Code Monkey @UCFK6NCbuCIVzA6Yj1G_ZqCg,378K,0.1%,Portugal,Video Gaming,113.4K
94,Plutonio 2765 @UCmnGphzR3J2LCpB9PPRFjiQ,378K,-,Portugal,,113.4K
95,•༺Suze Chan༻• @UCr10L50wMO123opVqFTC6ZA,374K,-,Portugal,,112.2K
96,Vitor Antunes @UCfMeB5RuzbCLtcZOdnnOiYA,373K,-,Portugal,,111.9K
97,Clé Entertainment @UCVSlXlzkSneftAXRzLrx4Gw,368K,-,Portugal,,110.4K
98,5meianoite @UCNK549EsjGCjjIB0iYnT2zQ,365K,-,Portugal,,109.5K
99,Só Modão Romântico. @UCn4lmGIcxquCbciHK8N2IQA,364K,-,Portugal,,109.2K
100,Iplay Portugal @UCGap-fnZ9Nm9yRaRVQFM09g,360K,-,Portugal,,108K
