#,NAME,FOLLOWERS,ER,COUNTRY,TOPIC OF INFLUENCE,POTENTIAL REACH
1,Bad Bunny @badbunny,31.8M,18.4%,Puerto Rico,,9.5M
2,Andrea & Lewis @andreaandlewis,7M,-,Puerto Rico,Travel Home and Garden,2.1M
3,Nicky Jam @nickyjam,4.9M,-,Puerto Rico,Entertainment and Music,1.5M
4,Candylover89 @candylover89official,4M,-,Puerto Rico,Food,1.2M
5,Cocina con Coqui @cocinaconcoqui,3.6M,5.7%,Puerto Rico,Food,1.1M
6,Luv @kierraluv,3.4M,-,Puerto Rico,Entertainment and Music Romance and Wedding,1M
7,Ana Coto @anaocto,2.1M,-,Puerto Rico,,630K
8,CAMI NICCOLE @caminiccole,1.9M,-,Puerto Rico,Entertainment and Music,570K
9,simbah🌹 @lindsaynikole,1.9M,-,Puerto Rico,,570K
10,Tqstaceyy @staceyyrosado,1.9M,-,Puerto Rico,,570K
11,tabby 🍓💫 @strawberrytabby,1.6M,-,Puerto Rico,,480K
12,Jose 🇵🇷 @imtropicaljoe,1.6M,-,Puerto Rico,Entertainment and Music,480K
13,A L E X I A @lexdelvalle,1.5M,-,Puerto Rico,,450K
14,Jenoah Santiago @just_jenoah_,1.4M,0.1%,Puerto Rico,Animation and Cosplay,420K
15,Leonardo Van der Neut @leosemfiltro,1.3M,-,Puerto Rico,,390K
16,Carlos @carlosemmanuelcal,1.3M,-,Puerto Rico,Entertainment and Music,390K
17,Villaa Oficial @villaaoficial,1.3M,-,Puerto Rico,,390K
18,Jessica Vill @jbunzie,1.2M,-,Puerto Rico,,360K
19,Bad Bunny @benitomartinezz1,1.1M,-,Puerto Rico,Entertainment and Music,330K
20,Caroline Reyes @caarolitaa,1.1M,-,Puerto Rico,,330K
21,🤱🏻AMO LA LACTANCIA🤱🏻 @paulysant,966K,-,Puerto Rico,family,289.8K
22,EFKTO @efktomusic,938.9K,-,Puerto Rico,Entertainment and Music,281.7K
23,Flohyran Correa @flohyran,936.5K,-,Puerto Rico,,281K
24,Bryan Yaniel🤌🏿 @bryannyaniel,914.3K,-,Puerto Rico,,274.3K
25,Luis Fonsi @luisfonsi,912.4K,-,Puerto Rico,,273.7K
26,K I M B E R L Y 🦋 @kiikiimarie,892.3K,-,Puerto Rico,,267.7K
27,SUPA @_supapeach,861.9K,0.2%,Puerto Rico,,258.6K
28,Dean Huertas @deanhuertas,855K,0.1%,Puerto Rico,,256.5K
29,Adriana @adrianafilomeno,839.1K,-,Puerto Rico,Beauty Fashion,251.7K
30,Arián @nairashlee,820.3K,1%,Puerto Rico,,246.1K
31,Emily Rios @itsemilyrios,817K,-,Puerto Rico,Entertainment and Music,245.1K
32,Jonathan @paganjonathan,816.2K,-,Puerto Rico,,244.9K
33,Khaby Lame @khaby.lame_lives,808.1K,-,Puerto Rico,,242.4K
34,carmenluvana @carmenluvana,802.8K,0.1%,Puerto Rico,,240.8K
35,Chicle @chicleclown,802K,-,Puerto Rico,,240.6K
36,M I Z V A N E Z Z A @iammizvanezza,795.4K,-,Puerto Rico,,238.6K
37,Hazel Moore @dulce.mami,783.6K,-,Puerto Rico,,235.1K
38,Steven Brundage @stevenbrundageart,782K,-,Puerto Rico,,234.6K
39,Molusco @yosoymolusco,774.7K,-,Puerto Rico,Parenting,232.4K
40,Arcangel @arcangel,766.2K,1.1%,Puerto Rico,,229.9K
41,dia @anxrosa,744.1K,-,Puerto Rico,Entertainment and Music,223.2K
42,Callmedaddyapple @callmedaddyapple,734.3K,-,Puerto Rico,,220.3K
43,Carlos Cabrera @caerloscgv,723.6K,-,Puerto Rico,Entertainment and Music,217.1K
44,EL PRÍNCIPE @elprincipebby,714.1K,-,Puerto Rico,Entertainment and Music Romance and Wedding,214.2K
45,River Z Perkins @rivvzz,700.2K,-,Puerto Rico,Romance and Wedding,210.1K
46,Angie 🥰 @angy_coral,697.5K,-,Puerto Rico,family,209.3K
47,Alexis Vargas ⚡ @alexiscomedia,696.3K,-,Puerto Rico,Entertainment and Music,208.9K
48,Alexandra:) @ale.lee.art,684.3K,-,Puerto Rico,Arts and Crafts,205.3K
49,Carla Nicole @carlanicolepr,667.8K,-,Puerto Rico,Fashion and Accessories,200.3K
50,Mrs. Officer @thinblue300,667.4K,-,Puerto Rico,,200.2K
51,Zia 🥰 @curlyzia.xo,651.8K,-,Puerto Rico,Beauty and Self Care,195.5K
52,anastasia @anastoostoo,639.2K,-,Puerto Rico,,191.8K
53,Rafael Acevedo @raf.acevedo,631.9K,-,Puerto Rico,,189.6K
54,Anthony Figueroa @anthonyflowww,621.6K,-,Puerto Rico,Romance and Wedding,186.5K
55,Shaliz 😚😚 @shaliz.pr,620.2K,-,Puerto Rico,,186.1K
56,Adi🏳️‍🌈 @adi_ramos58,617.5K,-,Puerto Rico,,185.3K
57,Pr🇵🇷👹 @justin7u7mikexd,609.5K,-,Puerto Rico,,182.9K
58,Joshua Castro @thejoshuacastro,605.5K,-,Puerto Rico,,181.7K
59,papifranquiiii1998 @papifranqui,600.8K,-,Puerto Rico,,180.2K
60,Zummer 🇵🇷 @just.zummer,598.5K,-,Puerto Rico,Fitness,179.6K
61,Orlando Santana @soyorlandosantana,595.7K,-,Puerto Rico,Celebrity,178.7K
62,Leah cadena @aaliyah.cadena,584.4K,-,Puerto Rico,,175.3K
63,Didi Romero @didiromero_8,580.5K,-,Puerto Rico,,174.2K
64,Lunay @lunayprr,577.6K,-,Puerto Rico,,173.3K
65,Bianca Graulau @biancagraulau,576.8K,0.2%,Puerto Rico,,173K
66,Laina G @lainag99,570.8K,-,Puerto Rico,,171.2K
67,Fabian Matos @fabianmatos,554.4K,-,Puerto Rico,,166.3K
68,Horimiya Rachel @rachelszero,551K,-,Puerto Rico,,165.3K
69,jadielo_2 @jadielo_2,537.9K,-,Puerto Rico,,161.4K
70,Julianasanchez @julianasanchez__,532.6K,-,Puerto Rico,,159.8K
71,Joaneily @jayvxl,529.2K,-,Puerto Rico,Animation and Cosplay,158.8K
72,Suleini Rivera @sulriverax,525.6K,0.1%,Puerto Rico,,157.7K
73,Eli @3lijahrivera,521.9K,26.5%,Puerto Rico,Entertainment and Music,156.6K
74,Josué Luciano @jou.king91,507.2K,-,Puerto Rico,Food and Drink,152.2K
75,Negritoz @negritoz,505.7K,-,Puerto Rico,,151.7K
76,Shai @orlandoqponqueen,505.2K,-,Puerto Rico,,151.6K
77,𝙰𝚕𝚒𝚊𝚗𝚣𝚊 @jenniriverathediva,500.6K,-,Puerto Rico,,150.2K
78,Toriana @tortiz43,497.6K,-,Puerto Rico,Sports,149.3K
79,jaywheelerdr @jaywheelerdr,491.8K,-,Puerto Rico,,147.5K
80,Bilal @bilalking_3,478.3K,-,Puerto Rico,,143.5K
81,Fabiolaa N.💙🤍 @fabiiolaaa,475K,-,Puerto Rico,Funny,142.5K
82,Elvis Crespo @elviscrespolive,474.7K,-,Puerto Rico,,142.4K
83,TITO EL BAMBINO @titoelbambinoelpatron,473.6K,-,Puerto Rico,,142.1K
84,kasey @slayy.kayyy,473.3K,-,Puerto Rico,,142K
85,RA” RAUW @rauwalejandro___,473.2K,-,Puerto Rico,,142K
86,CGMERKZ @cgmerkz,463.6K,-,Puerto Rico,,139.1K
87,laudypr @laudypr,463.1K,-,Puerto Rico,,138.9K
88,Janice🌹 @janicee.janicee,461.4K,-,Puerto Rico,Fashion Beauty,138.4K
89,Sayits.cece @sayits.cece,455.1K,-,Puerto Rico,Funny,136.5K
90,🌿🌻Damaris 🌻🌿 @damarisstellamaris,449.3K,-,Puerto Rico,,134.8K
91,Buuoy @buuoy,442.9K,-,Puerto Rico,Entertainment and Music,132.9K
92,omi @cookingconomi,433K,0.1%,Puerto Rico,Food Food and Drink,129.9K
93,Coral🍍 @coraliscoira,432.2K,-,Puerto Rico,,129.7K
94,𝐈𝐱𝐢𝐬 𝐍𝐢𝐜𝐨𝐥𝐥𝐞 @ixisnicolle,426.7K,-,Puerto Rico,Entertainment and Music,128K
95,Nick Ortiz @knickertease,426.5K,-,Puerto Rico,Sports,128K
96,Arelis✨ @arelisxd4,422.7K,-,Puerto Rico,family,126.8K
97,Mila 🤴🏼 @theofficial.milaa,419.7K,-,Puerto Rico,,125.9K
98,SrPantoja🇵🇷 @soylavozdemexico,413K,-,Puerto Rico,,123.9K
99,Adventure Puerto Rico 🇵🇷 @adventure_puertorico,411.6K,-,Puerto Rico,Travel,123.5K
100,papito_blessedhands @therealpapito,410.7K,0.1%,Puerto Rico,Beauty,123.2K
