#,NAME,FOLLOWERS,ER,COUNTRY,TOPIC OF INFLUENCE,POTENTIAL REACH
1,KOPACKOVO ⚽️ @kopackovo,1.1M,-,Slovakia,,330K
2,ANGRY EARTH @angryearth,767.9K,-,Slovakia,,230.4K
3,Matej Zrebný @matejzrebny,672.9K,0.1%,Slovakia,Animation and Cosplay,201.9K
4,SVKHO @svkho,551.1K,0.2%,Slovakia,Entertainment and Music,165.3K
5,rastopauliny @rastopauliny,511.8K,-,Slovakia,Entertainment and Music,153.5K
6,tomas.coach @tomas.coach,483.7K,0.2%,Slovakia,Fitness and Health,145.1K
7,Mirek 👊 @rawk1ng,466.7K,-,Slovakia,Fitness and Health,140K
8,FREDERICK @frederik.official,319.4K,0.3%,Slovakia,Entertainment and Music Music,95.8K
9,Samuel Procházka @graciosoooo,305.3K,0.1%,Slovakia,,91.6K
10,Chhay Heang Lysang @chhayheanglysang,301.7K,-,Slovakia,,90.5K
11,cikindeles @cikindeles,267.8K,-,Slovakia,,80.3K
12,_COBRA_11_ @cobra_11_,264.6K,-,Slovakia,,79.4K
13,Happy_adriana @adriana_lup,261.2K,-,Slovakia,,78.4K
14,ChristopherBucika ✔︎ @christopherbucika,249.9K,0.2%,Slovakia,,75K
15,miska_hrinka @miska_hrinka7,237.2K,-,Slovakia,Entertainment and Music Funny,71.2K
16,Veronika Danajová @pivospenou,232.5K,-,Slovakia,Entertainment and Music Funny,69.8K
17,Michal Totka @michaltotka,229.3K,-,Slovakia,Entertainment and Music Business and Finance,68.8K
18,DeDe 🦋 @denisa.vysnovska,229K,0.2%,Slovakia,,68.7K
19,jakjan272 @jakjan272,223.9K,-,Slovakia,,67.2K
20,nikola olahova @nikolaolahova6,222.2K,-,Slovakia,,66.7K
21,mars @d_a_n_i_e_l_a12345678910,203.7K,0.1%,Slovakia,,61.1K
22,Janka 🌸 @jancucik,199.2K,-,Slovakia,Entertainment and Music,59.8K
23,KARLA @karla.matej,195.4K,-,Slovakia,,58.6K
24,karinkaqayumova @karinkaqayum,193.6K,-,Slovakia,,58.1K
25,Jojo Kozik @jojo_kozik,189.8K,-,Slovakia,Fitness and Health Food Finance,56.9K
26,Sẽ thành công @fan.monsieur.tuna,184.5K,0.7%,Slovakia,,55.4K
27,Radkolf @_radkolf,176.1K,-,Slovakia,Entertainment and Music,52.8K
28,Klarisa @klarisaaaaaaaaaaaaaaa,175.9K,0.3%,Slovakia,Entertainment and Music,52.8K
29,Balázs Viktória @_balazsviktoria_,164.7K,0.1%,Slovakia,Entertainment and Music,49.4K
30,TikTok princess @susan.pocket,154.5K,-,Slovakia,,46.4K
31,Pietro @p.ie.t.ro,150.1K,0.4%,Slovakia,Entertainment and Music,45K
32,Sonička Slávička @sonicka.slavicka,147.2K,-,Slovakia,,44.2K
33,Nandy @nandykudry,145.8K,-,Slovakia,,43.7K
34,Heisenberg @gotsniped1,137.8K,-,Slovakia,Video Gaming,41.3K
35,JohnSlovy @john.slovy,137.2K,-,Slovakia,,41.2K
36,Televízia JOJ @tvjoj_official,136.1K,-,Slovakia,,40.8K
37,Matej Mišiak @matthew_kinggg,136K,0.2%,Slovakia,,40.8K
38,Jimin<3 @babymochi_chimmy,134.5K,-,Slovakia,,40.4K
39,Green Eyed Mom @greeneyedmombo,127.4K,-,Slovakia,family,38.2K
40,StudioMoonTV @studiomooontv,127.2K,1.2%,Slovakia,,38.2K
41,Magdalena Zatko @magdalena_zatko,121.3K,-,Slovakia,Fashion and Accessories,36.4K
42,Zupart @zupart_3d,114.3K,5.7%,Slovakia,,34.3K
43,Martin Markos @martinmarkos,113.9K,-,Slovakia,,34.2K
44,Janinka @janinka_mil,106.7K,0.1%,Slovakia,,32K
45,Gabo Žifčák @gabozifcak,104.8K,-,Slovakia,Entertainment and Music,31.4K
46,Csölle Florián @csolleflorian,103K,0.3%,Slovakia,,30.9K
47,Dedoles @dedoles,99.4K,-,Slovakia,,29.8K
48,Nynynutt @nikolka79,97.6K,-,Slovakia,,29.3K
49,myhoepworld @hopeworldwide,94.4K,0.1%,Slovakia,,28.3K
50,domi_stasova @domi_stasova,77K,0.1%,Slovakia,,23.1K
51,Maca🐷 @fortunapipl,68.6K,0.2%,Slovakia,,20.6K
52,🇸🇰🕺🏻💗MARTINKO💗🕺🏻🇸🇰 @majtinko25,66.6K,0.3%,Slovakia,Beauty and Self Care,20K
53,Yasbys @yasbys,64.4K,0.1%,Slovakia,Entertainment and Music,19.3K
54,Pavel.Kickboxing @pavel.kickboxing,56.4K,-,Slovakia,,16.9K
55,Martin Spano @martinspa.no,41K,0.1%,Slovakia,Education Upskilling,12.3K
56,KikaaMišalkováOfficiall👑 @officiall.kika3,40.3K,-,Slovakia,Fashion and Accessories,12.1K
57,DragonkoSK @mrdragonkosk,39.7K,0.4%,Slovakia,Games,11.9K
58,Aicha🌸 @viktorianiang,39.4K,0.3%,Slovakia,Travel,11.8K
59,Barbora Schwartz @barbieschwartz,36.5K,0.1%,Slovakia,,11K
60,foryouacapella @foryouacapella,31K,0.1%,Slovakia,Entertainment and Music,9.3K
61,𝐍 𝐈 𝐊 𝐎 𝐋 @nicole.107,27K,-,Slovakia,Beauty and Self Care,8.1K
62,Zas si tu ? @simonminarik8,26K,-,Slovakia,,7.8K
63,Simon Snopek @simonsnopek,19.4K,0.5%,Slovakia,Travel,5.8K
64,Nicole @benczenikoleta,18.3K,-,Slovakia,,5.5K
65,O2 Slovakia @o2slovakia,17.8K,0.3%,Slovakia,Product Education Entertainment and Music,5.3K
66,Vanessa Kardošová @_vannie__,16.8K,0.4%,Slovakia,,5K
67,Nikol Kissova @nikolkissova,16.5K,-,Slovakia,Fashion and Accessories,5K
68,Ema🤍 @emakubenakova,15.4K,0.1%,Slovakia,,4.6K
69,Marek Grundza @marekgrundza2,14.7K,-,Slovakia,,4.4K
70,Peter Gaman @petergaman,14.5K,0.3%,Slovakia,Photography,4.4K
71,Jozef Revúcky @jozefko_revucky,12.6K,0.6%,Slovakia,Animals Home and Garden,3.8K
72,krisivanova05 @_kristinka_053,12.4K,-,Slovakia,,3.7K
73,SimmyŠandorová @simy20040,12.2K,-,Slovakia,Arts and Crafts,3.7K
74,Eggie46 🇸🇰 @eggieschon,12.1K,0.2%,Slovakia,,3.6K
75,Vanessa Bratkovičová @nessabratkovicova,12K,0.1%,Slovakia,,3.6K
76,STYKO @stykolife,11.7K,0.4%,Slovakia,Entertainment and Music Games,3.5K
77,Lia ❤️ @golferlia,10.8K,0.2%,Slovakia,Beauty and Self Care,3.2K
78,Andrej Švolík @_svolo00,10.6K,1%,Slovakia,,3.2K
79,🔱Morská víla Perla Mareena 🔱 @perla.mareena,9.9K,-,Slovakia,Outdoor Activity,3K
80,Patrik Berec @patrikberec0,9.5K,-,Slovakia,Fitness and Health,2.9K
81,éda @edittriskova,9.5K,0.3%,Slovakia,,2.8K
82,Šaban Ristemovič @sabanristemovic,8K,0.5%,Slovakia,,2.4K
83,Aďka🇸🇰 @pristyakovaaaa,6K,3.4%,Slovakia,Entertainment and Music,1.8K
84,🖤😈❤️Démonka❤️😈🖤 @ivana0330,4.8K,0.7%,Slovakia,,1.4K
85,Alexander Prelec @prelo_4,4.7K,0.2%,Slovakia,,1.4K
86,cestujzamenej @cestujzamenej,4.1K,3.2%,Slovakia,Travel,1.2K
87,MŠK Žilina @mskzilina1908,3.4K,0.1%,Slovakia,Sports,1K
88,Vörös Dévid @v_david,3.2K,0.3%,Slovakia,,963
89,Emma_pr_a @emma_pr_a,2.2K,-,Slovakia,Beauty and Self Care,669
90,Iryna Kornieva @irynakornieva,1.8K,6.2%,Slovakia,Education,546
91,martin.k @k0stysak,1.4K,1.8%,Slovakia,,432
92,mihicare.sk.cz @mihicare.sk.cz,1.1K,-,Slovakia,Beauty and Self Care,321
