#,NAME,FOLLOWERS,ER,COUNTRY,TOPIC OF INFLUENCE,POTENTIAL REACH
1,Max TV @UCZQrA6Jnw08iF8GcFx4VDWg,4.2M,-,Slovakia,,1.3M
2,Peter PlutaX @UCbaY6IEY0-pRHBU_qCswoNQ,2.9M,-,Slovakia,,882K
3,GoGoManTV @UCewFV_KI5BSu0f8bKZ4BMfA,1.8M,0.2%,Slovakia,,537K
4,Cubic Animations @UCeM736Esh_lwk1xDAoGikFA,1.3M,-,Slovakia,,393K
5,Hindi Music @UCQ0kBF3Baal_YLls6DeUf8Q,1.3M,-,Slovakia,Music,384K
6,Televízia JOJ @UC5zY50gn7Z0-yGSt74dRZXw,1.1M,-,Slovakia,,327K
7,Expl0ited @UCR6Httwme-xk5mKlni-lRzw,966K,1.2%,Slovaquie,,289.8K
8,DONFANTASTICKYPESS @UC-yJccH4T1UnNrY0YyspGYg,850K,0.2%,Slovaquie,,255K
9,StudioMoonTV @UC7-hMlW_QECv-fghTGUWgYg,841K,2.1%,Slovaquie,,252.3K
10,FÍHA tralala @UC2QySOE0ohZFd-1XsXzNHPw,827K,-,Slovaquie,,248.1K
11,menameselassie @UCNV6tckdVW3L_wiBN8tz9gQ,777K,1%,Slovaquie,,233.1K
12,Smejko a Tanculienka @UCia0mF-pM9xo5ZMN8DoFp_Q,718K,-,Slovaquie,,215.4K
13,Duklock @UCf4pkVHnnWTqUbjxZgFzvfw,715K,2.5%,Slovaquie,,214.5K
14,DJ Blyatman @UCnWnuHHjG-__QxuoZgjBgIg,713K,1.1%,Slovaquie,,213.9K
15,The Lullaby World @UCOYUFFxT50nvDaRj5Mn5XNg,623K,-,Slovaquie,,186.9K
16,KALI RECORDS @UCjIl8ztAFLTiZkhvgaiOoow,620K,0.1%,Slovaquie,,186K
17,ANGRY EARTH @UCr0HthUtPsgcl99FVSMHn4g,619K,0.1%,Slovaquie,,185.7K
18,BirnyX @UCEaMp8VjNv3EJYgDTqcUQvA,539K,-,Slovaquie,,161.7K
19,Sasha Sotnik @UCnAmkiIpUXkVOY1A1r-zE6w,526K,1%,Slovaquie,,157.8K
20,VisioRacer @UCXtx43lso-J9taKABVa-Rtw,510K,-,Slovaquie,Automobile Éducation,153K
21,Max Топ @UC3VvMXMrEeav1njSUFKgbfA,461K,0.3%,Slovaquie,,138.3K
22,PACI PAC @UCGWk8azphTdm0PKH0vKDIfw,451K,-,Slovaquie,,135.3K
23,FAMILY ZONE - MOJA RODINKA @UC99D5fRGLZ4WZheVArrDQSA,412K,-,Slovaquie,,123.6K
24,SIMA Official @UCH89taVRyeY-oory-zv2FXQ,404K,6.1%,Slovaquie,,121.2K
25,Mesiac @UCSPr_APStbstOEbCmV8sp1Q,380K,-,Slovaquie,,114K
26,Random Týpek @UC8huou5jTYkbv8m0WFgeXag,377K,5.8%,Slovaquie,,113.1K
27,Galgan Music @UCckh_8hdHZUdXJPixpWv-qQ,374K,0.6%,Slovaquie,,112.2K
28,Zrebny & Frlajs & Mojmir @UC74kimKZOy8aXzg7rhUOVsA,372K,-,Slovaquie,,111.6K
29,DuklockPlus @UCIAbC7emlDQs-dmgW4GlgnA,357K,2.1%,Slovaquie,,107.1K
30,Nikolai @UC2r7HhUYj2k1uPg1Kl1ncPw,353K,19.6%,Slovaquie,,105.9K
31,Klarisa @UC2wtd0oe71RJVZbIlntPhGw,353K,3.8%,Slovaquie,,105.9K
32,Polygon Runway @UCGSJevmBuDyxjLLOBNaYMGA,308K,0.1%,Slovaquie,,92.4K
33,MELODY Records @UCpy5RCOLhiPC4cNqb1P01mA,294K,-,Slovaquie,Musique,88.2K
34,7777MrAlex @UCPUSWPOoXbTvnJtIPKCW6Yg,292K,-,Slovaquie,,87.6K
35,Night Shift @UCNM5EknY1XBA9buLmJqYLdw,286K,-,Slovaquie,,85.8K
36,Milos Juriga @UCX6GmNg33GTTUfJYqWOdFwQ,282K,-,Slovaquie,,84.6K
37,Myles. @UCSEmaBuAIj9kboyKgz-46rQ,260K,-,Slovaquie,,78K
38,Lady Zika @UCfA0sz8f5J5RZqdfahvFAjA,249K,0.1%,Slovaquie,,74.7K
39,Slovenske Rozpravky a Pesnicky pre Deti Sagan Tv @UCQXfFMTMGb-VB58y5Rekqhw,239K,-,Slovaquie,,71.7K
40,PPPíter @UCu4lx1klxwUO9oCzs2vDBhw,235K,0.2%,Slovaquie,,70.5K
41,JurajVie @UCLBaR8BmaV6HPx_CjuaZ5xw,231K,6.6%,Slovaquie,,69.3K
42,Evžen @UCK8ZC2jAyInQPK61hAAYKwQ,227K,-,Slovaquie,,68.1K
43,Kelohap @UCopdQ2EYv3ZWE-1jdjeqA8w,210K,2.8%,Slovaquie,,63K
44,Blokkyz @UCS3hblKrddYV0XJ9iJDoJaQ,206K,-,Slovaquie,,61.8K
45,Dejepis Inak @UCtW6UE6h-Na5E5BCLBafbcQ,197K,1.3%,Slovaquie,,59.1K
46,Sajfa @UCmsNDeTWYqGKt9V72iVEcLg,197K,0.3%,Slovaquie,,59.1K
47,tv kasino @UCloy7C5YPpLLImF8-s1Hu-A,195K,-,Slovaquie,,58.5K
48,STUDIO JD @UCmvkKjT6i21n3lW5hfLDZzQ,188K,0.1%,Slovaquie,,56.4K
49,REFRESHER SK @UCpegYoYUzkTZZWtbyBI5hGA,188K,0.1%,Slovaquie,,56.4K
50,SelassieExtra @UCKjgaU8aTlNObidZorqjE4w,188K,-,Slovaquie,,56.4K
51,FRANCO Machekel ( Franco ) @UCHgNJMsu0FJSFBOPFRjoiuQ,182K,-,Slovaquie,,54.6K
52,Baylike @UC979wGo_2nyOPARLFKNKu7A,178K,-,Slovaquie,,53.4K
53,Swiftstyles II @UCeIk6O3KnqJUKv2W4dEOSKQ,178K,0.3%,Slovaquie,,53.4K
54,PETER PANN PRODUCTION @UCRHlD1s0AhC6NkIHxKepbcQ,172K,0.1%,Slovaquie,,51.6K
55,ZLÝ ZAJO @UCQygDBqjoiiZAlwcavJZi4Q,167K,1.5%,Slovaquie,,50.1K
56,Michael Musician @UC7-a2NQiucQ5JN8tG0NA1LQ,166K,-,Slovaquie,,49.8K
57,BK4 @UCP41sUZxCNSbIz4Jajoi6xg,163K,-,Slovaquie,,48.9K
58,Rasto Chvala GARAZ.TV @UCZc9ZRh_CRoP3zhrW5Do6Tw,162K,0.3%,Slovaquie,,48.6K
59,KOLLÁROVCI @UCqBQtdb567BKN6ektTVXtFQ,153K,0.9%,Slovaquie,,45.9K
60,Kuchyňa Lidla @UC5oGq-pQRauK3TFdDa0ZPAQ,153K,-,Slovaquie,,45.9K
61,Slovenské detské pesničky @UCs3gfQX5MWjG6afWHTkb4Jw,152K,0.1%,Slovaquie,,45.6K
62,МОЛИТВЫ @UCeTi5OqVUnTdDZaojhHo6PA,151K,-,Slovaquie,,45.3K
63,P.A.T. Official @UC-KqLLDdE-hr_naIMrwNmxg,149K,7.9%,Slovaquie,,44.7K
64,SK Adventures @UCABCecyF5KbMUWhGq0gFhwA,147K,-,Slovaquie,,44.1K
65,easyASMR @UCLQ9fyHY7lIMATzUsaqE2IA,145K,-,Slovaquie,,43.5K
66,Aronthebassist @UCbZQASrPgXGF3WDPzRhTOcA,142K,-,Slovaquie,,42.6K
67,Prophet Henok Girma /JPS TV WORLDWIDE @UC3kth_xWBCh9clQrqQAy-0w,142K,-,Slovaquie,,42.6K
68,Skellet @UCAmta6EV-48BxNumsqeGTGA,141K,3.5%,Slovaquie,,42.3K
69,Jawo @UCJpRe0fUjz_UfO1yCddOigw,140K,0.4%,Slovaquie,,42K
70,newearth @UCqLPTe6eEeBP10Zhu5p-0cQ,136K,-,Slovaquie,,40.8K
71,OfficialStrapo @UCjTGMYuyazxlDNL03AJDEjg,135K,3.5%,Slovaquie,,40.5K
72,Mako SK @UCJurOtLRifGtwHUWr9TD9Uw,135K,0.7%,Slovaquie,,40.5K
73,Moonove Laboratórium @UCTQYWRqppO1TRTnWT6xptFg,135K,4.4%,Slovaquie,,40.5K
74,LokalTV @UC7F5QpKc8cttQI1VpUpzDOw,133K,2.5%,Slovaquie,,39.9K
75,Denne Pogy 2.0 @UCr7ZEHGWC4md50cL5nk79Hw,132K,0.1%,Slovaquie,,39.6K
76,Startitup @UClbseppdhNj1vZsTgH6T1Og,126K,-,Slovaquie,,37.8K
77,Mafia Corner @UCvIk1wqOVdjqsBE1-m-p0pA,120K,2.2%,Slovaquie,,36K
78,RadioExpres @UCkwlix5Fv0dg3cQJCz4dO4Q,119K,0.4%,Slovaquie,,35.7K
79,Smilo @UCM2csWd4rCOQ7GstbjHZxKQ,117K,1.2%,Slovaquie,Jeux Vidéo,35.1K
80,REBELI Official lemesany @UCSnSoryEiZ4QHkU52iMOxsg,117K,-,Slovaquie,,35.1K
81,L E N K A @UCVJhnw8xxm2iZF4Kh19cwnQ,116K,-,Slovaquie,,34.8K
82,Alechka Nasyrova @UCvuMKWvRAW18s9Dh1RMzLSA,113K,0.2%,Slovaquie,,33.9K
83,Cheryl DeLarge @UCSeFuLRx0CwiwJn9wyYG0tg,111K,-,Slovaquie,,33.3K
84,TomT @UCPycjpkgwgMwWclEkaG6crg,111K,-,Slovaquie,,33.3K
85,The Hybrid Shooter @UC-0cdtgZF01T3N8drruyikg,111K,-,Slovaquie,Photographie,33.3K
86,Amazing Planet @UC74fCpR2LQU4YxU0NwcnHCQ,110K,-,Slovaquie,,33K
87,BeWise @UCNhHwys3S8gSaL3vjI1qxaA,110K,-,Slovaquie,,33K
88,Petrana Gala @UCqJYQZQJ6pJZG2nPpNqgQgQ,110K,-,Slovaquie,,33K
89,Ascolla @UC-McMapxAKFaG5uFCVkBqTw,109K,1.3%,Slovaquie,,32.7K
90,Hogyan működik? Röviden - Tömören @UC9k4lw3Ze5gSM01KFr-mkSg,108K,4.3%,Slovaquie,,32.4K
91,Mamuko Berci @UCXVBdFtkzZWOabLpgKGHj6Q,108K,3.6%,Slovaquie,,32.4K
92,MCgirl Craft @UCh6VJMG7Nc-Mu8LHn0v6nug,105K,1.6%,Slovaquie,,31.5K
93,Mountain General @UCarkX7HIiz0YAJN4z9tvpvg,104K,4.8%,Slovaquie,,31.2K
94,Horkýže Slíže (OFFICIAL) @UCnNaJEyYO677F5tW1Bhjz9w,104K,3%,Slovaquie,,31.2K
95,jancucik @UCRvV8q0NJbis-9BJr5UunVw,102K,2.4%,Slovaquie,,30.6K
96,Reso Coder @UCSIvrn68cUk8CS8MbtBmBkA,101K,1.3%,Slovaquie,,30.3K
97,Celeste Buckingham @UCPS-SY0UvQVRpEGdt0MxwIQ,100K,-,Slovaquie,,30K
98,XXZANABAEXX @UCDARRBtB2kzjTmrJ3bMpmBQ,98.5K,1%,Slovaquie,,29.6K
99,Hrdza @UCenhTldt8oGU7ad5QBaaMtw,98K,4.7%,Slovaquie,,29.4K
100,TOMASSUSS @UClxKNOYqALG_5qC4NE1Ub8Q,96.9K,-,Slovaquie,,29.1K
