#,NAME,FOLLOWERS,ER,COUNTRY,TOPIC OF INFLUENCE,POTENTIAL REACH
1,La Rosalia @rosalia,30.9M,-,Spain,,9.3M
2,Twin Melody @twinmelody,17.9M,-,Spain,,5.4M
3,animalize21🔥 @animalize21,11.1M,-,Spain,Animals Pets,3.3M
4,🌟SWEETYBOY🌟 @mateosarc,10.6M,-,Spain,Entertainment and Music,3.2M
5,Nasser Ferreiro @nasserferreiroo,10.6M,-,Spain,Entertainment and Music,3.2M
6,Nacho Gil Conesa @nachter,10.4M,-,Spain,,3.1M
7,Fran Callejon @francallejon,9.4M,-,Spain,Entertainment and Music Acting and Drama,2.8M
8,Lola loliitaa🌸 @lolaloliitaaa,8.9M,-,Spain,Fashion and Accessories,2.7M
9,M A G N O S C A V O @magno_scavo,8.2M,-,Spain,,2.5M
10,Mike from Chameleon Theatre @mikethechameleon,7.4M,-,Spain,Education,2.2M
11,Annie Vega @annemoda14,6.6M,-,Spain,,2M
12,Àngela Mármol @amarmolmc,5.5M,-,Spain,Entertainment and Music,1.7M
13,SoyBanaz @soybanaz,5.1M,-,Spain,Entertainment and Music,1.5M
14,Eduardo Camavinga @camavinga,4.7M,13.8%,Spain,Sports,1.4M
15,Maria_rm @maria_rm,4.3M,-,Spain,Entertainment and Music,1.3M
16,Anita Groowe @anitagroowe,3.9M,-,Spain,,1.2M
17,Atletico de Madrid @atleticodemadrid,3.8M,-,Spain,Sports,1.1M
18,🎬IVIS🎬 @mrivis,3.7M,-,Spain,Entertainment and Music,1.1M
19,sofia espanha @sofiaespanha,3.7M,0.2%,Spain,,1.1M
20,Adexe y Nau @aynoficial,3.6M,-,Spain,Entertainment and Music,1.1M
21,Mr. Azaga Wong @mrazagawong,3.5M,-,Spain,Photography,1.1M
22,Mohamed ( Zizi ) @el_zizi_93,3.3M,-,Spain,Beauty and Self Care Fashion and Accessories,990K
23,Carlos_Eduardo_Espina @carlos_eduardo_espina,3.3M,-,Spain,Life and Society,990K
24,Julieta Martell @ju_martell,3.2M,-,Spain,,960K
25,Isa @kindecisa,3.1M,-,Spain,Fashion and Accessories Beauty and Self Care,930K
26,Netflix España @netflixes,2.7M,-,Spain,,810K
27,Mar @mariaa_mml,2.7M,-,Spain,Fashion and Accessories Beauty and Self Care,810K
28,Marta Deza @marta_deza,2.7M,-,Spain,Entertainment and Music,810K
29,Ariana Michelle @arianafeygin,2.6M,-,Spain,Food,780K
30,Claudia De Los Toyos Boj @claudiadelostoyos,2.6M,-,Spain,Entertainment and Music,780K
31,Orlando Domínguez @casosconorlando,2.5M,-,Spain,,750K
32,Adrian Lopez @adrianlt7,2.4M,-,Spain,,720K
33,ALCALA @alcala.creativo,2.3M,0.1%,Spain,DIY and Life Hacks,690K
34,Andrés en Inglés @andreseningles,2.3M,-,Spain,Education,690K
35,Aida Martorell @aidamartorell,2.2M,-,Spain,Beauty and Self Care,660K
36,El profesor TikTok @elprofesordetiktok,2.2M,-,Spain,Education Entertainment and Music,660K
37,Antonio Betancourt @antonio_betancourt,2.1M,-,Spain,Travel,630K
38,malu paris crf @niishiimiya,2M,2.8%,Spain,Entertainment and Music,600K
39,Archie Ted🐲 @archieted0,2M,-,Spain,Entertainment and Music,600K
40,Jackwise @jackwise_clown,2M,-,Spain,,600K
41,Adrián @anexo3d_oficial,2M,-,Spain,,600K
42,PrimeVideoES @primevideoes,1.9M,-,Spain,Entertainment and Music,570K
43,Lorena Fernández💖 @lorenafernandezb,1.9M,-,Spain,Fashion and Accessories,570K
44,Becs Martinez @becsmartinez,1.9M,-,Spain,,570K
45,ADELINA🌸 @adelinafominykh,1.8M,-,Spain,Entertainment and Music,540K
46,Valeria @valeriaxxargu,1.8M,-,Spain,,540K
47,Marc Olivares @markkk_oc,1.8M,-,Spain,Fashion and Accessories Entertainment and Music,540K
48,Sebastian Sánchez @sebassanchezg,1.8M,-,Spain,,540K
49,Paquillocastroo 🥴 @paquillocastroo,1.8M,-,Spain,Food Travel,540K
50,Drawingtok @drawingtok1.2,1.7M,-,Spain,Arts and Crafts,510K
51,Yosoyjosema @yosoyjosema,1.6M,-,Spain,Entertainment and Music,480K
52,Sergio Reguilon @sergioregui,1.6M,0.2%,Spain,,480K
53,"Anto, Pía y Emma @antonellapupo",1.6M,-,Spain,family,480K
54,Ephylone College @guillembarbeta02,1.6M,-,Spain,Sports Auto and Vehicles,480K
55,Alex @aleexgm8,1.6M,-,Spain,Entertainment and Music,480K
56,Esther Martinez 💋🌸 @estheermartinez_,1.5M,-,Spain,,450K
57,🖤 Yiren Lopez 🖤 @yiireenn.grl,1.5M,-,Spain,Fashion and Accessories,450K
58,Lucia Fernandez @luciafernandez_,1.5M,-,Spain,Entertainment and Music,450K
59,Gabriel Ángel @gabrielceramics,1.5M,-,Spain,,450K
60,Emejotisa @emejotisa,1.5M,-,Spain,Funny,450K
61,El Hormiguero @el_hormiguero,1.5M,-,Spain,Entertainment and Music,450K
62,Adrián Romero🍍 @adriianromero_,1.4M,-,Spain,Entertainment and Music Romance and Wedding Acting and Drama,420K
63,Xataka @xataka,1.4M,-,Spain,Product Education,420K
64,Javi Freestyle @javifreestyle,1.4M,0.1%,Spain,,420K
65,Jordi ENP @jordienpo,1.4M,0.8%,Spain,Entertainment and Music,420K
66,Key Zara @keyzaraofficial,1.4M,-,Spain,,420K
67,Ainoa García @aiinoagarciia,1.4M,2.1%,Spain,Arts and Crafts,420K
68,Marina González @marinago_02,1.4M,-,Spain,Sports,420K
69,Gemelos Viajeros 🌍✈️ @gemelosviajeros,1.4M,-,Spain,Travel,420K
70,Guille 🌹 @robiiioo,1.3M,-,Spain,,390K
71,DANIEL PALACIO🇪🇸 @daniipkr,1.3M,-,Spain,Funny,390K
72,Jan Cutillas 👽 @jancutillas,1.3M,-,Spain,Travel,390K
73,Korayma @kora.ymaa,1.3M,-,Spain,,390K
74,gaberga😎 @gaberga,1.3M,-,Spain,Entertainment and Music,390K
75,🌜Aquí Sandra✨ @aquisandrax,1.3M,-,Spain,Travel,390K
76,ASMR para dormir 😴💤 @lescousinsasmr,1.3M,-,Spain,,390K
77,tamara_gorro @tamara_gorro,1.3M,-,Spain,Entertainment and Music Acting and Drama,390K
78,aloe vera @alvaro.romero,1.3M,1.3%,Spain,Entertainment and Music,390K
79,TheMigui_ @themigui_,1.3M,3.5%,Spain,Funny,390K
80,Pablo Alborán @pabloalboran,1.2M,-,Spain,Entertainment and Music,360K
81,Sr._Chan @sr.chan,1.2M,-,Spain,,360K
82,LOS_PANAS @four_panas,1.2M,-,Spain,Fashion and Accessories,360K
83,Bea Ruiz @btriixx,1.2M,-,Spain,Entertainment and Music,360K
84,donkoglo @donkoglo,1.1M,0.1%,Spain,Sports,330K
85,Noemí Pérez @om_makeup_artist,1.1M,-,Spain,Arts and Crafts,330K
86,⭕️ Iván Cobos 🔴 @ivan_cobos,1.1M,-,Spain,,330K
87,🧿EZTHER🧿 @ezther__,1.1M,-,Spain,Beauty and Self Care Entertainment and Music,330K
88,Rebeca Jimenez @rebejimenez28,1.1M,-,Spain,,330K
89,didactilam @didactilam,1.1M,-,Spain,,330K
90,Carlos Churches @elchurchesoficial,1M,-,Spain,,300K
91,Nuria Castelló @lokyfamylytoy,1M,-,Spain,family,300K
92,Estels @__estels,999.8K,-,Spain,,299.9K
93,Quincy @quincyazzario,987.5K,-,Spain,,296.3K
94,hugedo @hugedo,986.1K,-,Spain,,295.8K
95,Trappeal @trappeal,985.7K,0.1%,Spain,,295.7K
96,Ismael Rodriguez @ism_rodri_,984.6K,-,Spain,,295.4K
97,Y 𐌡 Ξ L @dm_yael,979.3K,0.1%,Spain,,293.8K
98,Llobeti4 @llobeti4_,977K,-,Spain,,293.1K
99,Arantza N @arantzanvm,976.3K,0.2%,Spain,,292.9K
100,Davide Morana @davide_morana,972.5K,0.7%,Spain,,291.8K
