#,NAME,FOLLOWERS,ER,COUNTRY,TOPIC OF INFLUENCE,POTENTIAL REACH
1,نادي النصر السعودي @alnassr,24.3M,0.55%,Saudi Arabia,,7.3M
2,TURKI ALALSHIKH تركي آل الشيخ @turkialalshik,17.9M,3.08%,Saudi Arabia,Celebrity Gym Modeling,5.4M
3,أحمد الشقيري @ahmadalshugairi,17.6M,0.41%,Saudi Arabia,Education TV Host,5.3M
4,أخبار السعودية @saudinews50,13.9M,0.1%,Saudi Arabia,Education Life and Society News News & Politics,4.2M
5,ميتو الشامسي | Mohammed Shamsi @imeeto,8.7M,1.88%,Saudi Arabia,Entertainment and Music Funny Celebrity Game,2.6M
6,Fifi Abdou @fifiabdouofficial,8.5M,0.21%,Saudi Arabia,Art Modeling,2.6M
7,thoriq halilintar @thariqhalilintar,7.9M,1.18%,Saudi Arabia,Entertainment and Music Celebrity Video Blogger,2.4M
8,شيمي 🎼. @sheme._.a,6.9M,0.44%,Saudi Arabia,"Music Lifestyle Humor Film, Music & Books",2.1M
9,Aseel | أسيل 🇸🇦 @aseel,6.7M,0.26%,Saudi Arabia,Acting and Drama Beauty and Self Care Celebrity Singer,2M
10,Ola Al Fares ⚖️ عُلا الفارس @olaalfares,6.7M,0.47%,Saudi Arabia,Education,2M
11,Top Saudia @mi.2v,6.2M,0.41%,Saudi Arabia,Business and Finance Funny,1.9M
12,سيرج 🔎 @search2news,6M,0.03%,Saudi Arabia,,1.8M
13,Shraddha Arya @sarya12,5.8M,2.53%,Saudi Arabia,Upskilling Celebrity Actors Modeling,1.8M
14,عُمر آل عوضه | Omar Al Odah @bin_odahx,5.8M,1.34%,Saudi Arabia,Life and Society Writers,1.7M
15,ابو ملك @r.mjrm,5.7M,0.46%,Saudi Arabia,Modeling,1.7M
16,@dj4,5.5M,0.03%,Saudi Arabia,Celebrity Celebrities Game Cars & Motorcycles,1.7M
17,Abdulaziz @bin_baz,5.2M,0.1%,Saudi Arabia,Fitness Fashion Soccer Architecture,1.6M
18,@elfiraloy,5.1M,0.3%,Saudi Arabia,Fashion and Accessories Business and Finance Public Figure,1.5M
19,د. ملاك الحسيني @malak_alhusaini,4.6M,0.15%,Saudi Arabia,Education Marketing and Advertising Hair & Beauty Celebrities,1.4M
20,Hisham Baeshen - هشام باعشن @misho_baeshen,4.6M,0.14%,Saudi Arabia,Food,1.4M
21,رغد دايز @raghad_days,4.4M,0.19%,Saudi Arabia,,1.3M
22,Darin Al Bayed • دارين البايض @darin00013,4.1M,0.04%,Saudi Arabia,Beauty Fashion and Accessories Beauty and Self Care Celebrity,1.2M
23,أحمد الزامل Ahmad AlZamel @ahmadalzamel,4.1M,0.17%,Saudi Arabia,Food Food and Drink Chef,1.2M
24,فايز المالكي @fayezalmal,4.1M,0.1%,Saudi Arabia,Acting and Drama Celebrity Modeling,1.2M
25,احمد شعيب ahmad Shoaib @ahmed_shoaib_,4.1M,0.13%,Saudi Arabia,Celebrity Modeling,1.2M
26,نوف فاشن | نوف الشعلان @nouf__fashion,4M,0.08%,Saudi Arabia,Fashion and Accessories Beauty and Self Care,1.2M
27,Rajeh Alharthi | راجح الحارثي @rajeh_90,4M,0.01%,Saudi Arabia,Entertainment and Music Lifestyle,1.2M
28,Dyler 🥖 @dyl3r,3.8M,6.23%,Saudi Arabia,Art,1.1M
29,الشيخ الدكتور عثمان الخميس @othmanalkamees,3.8M,0.35%,Saudi Arabia,Education Medical Health Politics,1.1M
30,مقاطع ناصر 😂😂 @nasser_videos,3.8M,0.07%,Saudi Arabia,Entertainment and Music Music Singer Modeling,1.1M
31,Nora Bo Awadh NB @nora1352,3.7M,0.35%,Saudi Arabia,Fashion and Accessories Business,1.1M
32,مشعل الاسباني @m000966,3.7M,0.07%,Saudi Arabia,Fashion,1.1M
33,دكتور نشمي ضحك @of77,3.6M,0.57%,Saudi Arabia,Funny,1.1M
34,Nandi_Madida 🇿🇦 @nandi_madida,3.5M,0.64%,Saudi Arabia,Entertainment and Music Fashion and Accessories Celebrity Entertainment,1M
35,الربع ... صديق الكل @rbaa33,3.5M,2.26%,Saudi Arabia,DIY and Life Hacks Education Upskilling Lifestyle,1M
36,S7S 👌🏼 سحس @hussain.sallam,3.3M,0.19%,Saudi Arabia,Entertainment and Music Business and Finance Food Restaurants,992.7K
37,الفنان عبدالعزيز المسلَّمْ @azizalmesallam,3.3M,0.47%,Saudi Arabia,Acting and Drama,990.5K
38,رياض الخالد 🍴 @rodr_1997,3.3M,0.12%,Saudi Arabia,Food Lifestyle,979.7K
39,Majid Almohandis ماجد المهندس. @majidalmohandis,3.3M,1%,Saudi Arabia,Entertainment and Music Singer,978.9K
40,Abdullah Bakr | عبدالله بكر @boodyzozo,3.2M,0.38%,Saudi Arabia,"Beauty and Self Care Fashion and Accessories Film, Music & Books Humor",962.7K
41,ابراهيم الحجاج @barmz_alhajjaj,3.1M,3.44%,Saudi Arabia,Celebrity Acting and Drama,941.4K
42,ام ساره👩🏻‍🍳 @_om__sarah_,3.1M,0.47%,Saudi Arabia,,919.3K
43,لغة الجسد @b.d.f,3M,0.03%,Saudi Arabia,Education Upskilling Life and Society,904K
44,FAREED HAMZAH @22l2_,3M,0.01%,Saudi Arabia,,900.4K
45,مطبخ مرايم // طبخات سهله @mraaaim444,3M,0.03%,Saudi Arabia,Food,899.8K
46,فؤاد عبدالواحد @fouadabdulwahed,3M,0.22%,Saudi Arabia,Entertainment and Music Music Singer,897.8K
47,ريناد @h6.yr,3M,3.66%,Saudi Arabia,Auto and Vehicles Celebrity Chickens,889.6K
48,Andre Carrillo 🇵🇪 @18andrecarrillo,3M,1.5%,Saudi Arabia,Actors Virtualization,887.4K
49,د. نبيل علي العوضي @nabilalawadhy,2.9M,0.38%,Saudi Arabia,Education Speaker,858.1K
50,اطيب طبخة - atyabtabkha @atyabtabkha,2.8M,0.03%,Saudi Arabia,Food Home and Garden Recipes,846.1K
51,هيفاء حسين haifa hussain @haifaahussain1,2.8M,0.19%,Saudi Arabia,Celebrity Acting and Drama Actors,825.6K
52,سارا الودعاني @sarah_wad3ani,2.7M,0.11%,Saudi Arabia,"Beauty and Self Care Cars & Motorcycles Film, Music & Books Celebrities",814.1K
53,anwar rashak-انور رشك @20q4,2.7M,6.24%,Saudi Arabia,,809.9K
54,Nahla نهلة ✨ @nahlatv,2.7M,5.23%,Saudi Arabia,Entertainment and Music Music,804K
55,زياد بن حجاب بن نحيت @abinneheet,2.6M,0.04%,Saudi Arabia,,792.8K
56,✨ سعودي ريبورترز ✨ @saudireporters,2.6M,0.23%,Saudi Arabia,"Entertainment and Music TV Shows Modeling Film, Music & Books",771.4K
57,Mutlaq | مطلق @mutlaq_alsultan,2.6M,0.68%,Saudi Arabia,Marketing and Advertising Lifestyle,766.1K
58,بلوقر افنانيتا afnaneta 🥣🥑 @afnaneta3,2.5M,0.17%,Saudi Arabia,Art Beauty,764.6K
59,Alice @aliceabdelaziz,2.5M,2.17%,Saudi Arabia,Travel Modeling Lifestyle Hair & Beauty,760.7K
60,هتان الفيصل @iih66,2.5M,0.6%,Saudi Arabia,Music,748.2K
61,ثنيان خالد || Thunayyan Khalid @thunayyan16,2.5M,1.55%,Saudi Arabia,Finance,741.9K
62,رهف العنزي @official.rahaf,2.5M,0.42%,Saudi Arabia,Art Actors,741.8K
63,غرام || الصفحة الرسميّة @gharam_official,2.5M,2.11%,Saudi Arabia,Life and Society Politics,738.9K
64,عبدالرحمن خالد |💻 @abdulrahman_khaalid,2.4M,0.16%,Saudi Arabia,,729K
65,Mansour AlSalmy - منصور السالمي @m.alsalmy1,2.4M,0.73%,Saudi Arabia,Education,721.3K
66,حمود الخضر Humood @humoodalkhudher,2.4M,0.92%,Saudi Arabia,Entertainment and Music,717.9K
67,زياد العمري Ziyad Alamri @zyiaz,2.4M,0.13%,Saudi Arabia,"Entertainment and Music Humor Film, Music & Books Design",717.8K
68,𝐑𝐚𝐠𝐡𝐚𝐝 𝐌𝐨𝐡𝐚𝐦𝐦𝐞𝐝 • رغد محمد @raghrd,2.4M,-,Saudi Arabia,Beauty Lifestyle,715.1K
69,فوراس التركي | Foras Altruki @foras1,2.4M,0.09%,Saudi Arabia,Product Showcase Celebrity Entertainment,713.5K
70,Omar Al Somah ⚽️ عمر السومة @somah,2.3M,3.31%,Saudi Arabia,Sports Soccer,703.1K
71,Rotana.net @rotananet,2.3M,-,Saudi Arabia,Entertainment and Music,695.4K
72,زينة عماد | zena emad @zenaemaad,2.3M,1.03%,Saudi Arabia,Music,689K
73,🇸🇦موسوعة المعجنات والمخبوزات @ftafeeta,2.3M,0.06%,Saudi Arabia,Food,679.6K
74,شيماء سبت Shaima Sabt @shaima4sabt,2.2M,0.07%,Saudi Arabia,Acting and Drama Celebrity,661.4K
75,احمد البارقي @aax66,2.2M,0.37%,Saudi Arabia,Fashion Lifestyle,657.9K
76,7𝐌𝐄𝐒𝐊7 ❤⃤⠀⠀⠀⠀⠀⠀⠀ @77mesk7,2.2M,-,Saudi Arabia,,657.6K
77,Faten Mahmoud/فاتن محمود @fatenuser,2.2M,0.09%,Saudi Arabia,Food Celebrity,648.1K
78,رند الشهيلي Rand Alshehili @rand_hamad1,2.1M,0.31%,Saudi Arabia,Auto and Vehicles Celebrity Music Marketing and Advertising,643.9K
79,RAKAN SULIMAN @rakan,2.1M,0.13%,Saudi Arabia,Entertainment and Music Video Blogger Humor Celebrities,637.1K
80,Mohammed Al Turki @moalturki,2.1M,2%,Saudi Arabia,Fashion,634.6K
81,Hamdy | حمدي الفريدي @hamdy_s,2.1M,0.41%,Saudi Arabia,Education Upskilling Celebrity Lifestyle,628.4K
82,Joe Raad Raad @joeraad,2.1M,0.2%,Saudi Arabia,Music,626K
83,أخبار الوطن @alwatannews24,2.1M,0.03%,Saudi Arabia,,622.1K
84,Dr.Talal Almuhaisin د.طلال المحيسن @dr_jeldeya,2.1M,0.27%,Saudi Arabia,Beauty and Self Care Doctor,618.2K
85,Salem Al Dawsari @29salem,2.1M,3.97%,Saudi Arabia,Sports Soccer,617.5K
86,مطبخ أفكار خلطات @kuwait_women,2M,-,Saudi Arabia,,612.8K
87,اقوال ابراهيم الفقي رحمه الله @ibrahemelfiky,2M,0.14%,Saudi Arabia,Education Upskilling Parenting,612.6K
88,وصفــــات @rree_mpp,2M,-,Saudi Arabia,Food Gym Modeling,607.8K
89,Hamad /Azazi عزازي /حمد @hazi088,2M,-,Saudi Arabia,,606.5K
90,وعد محمد ⚜️ @dso,2M,0.26%,Saudi Arabia,Acting and Drama Entertainment and Music Celebrity Music,606K
91,Muslim @muslimprodofficial,2M,0.78%,Saudi Arabia,Entertainment and Music Music,605.4K
92,Mohammed Sal | محمد سال @moasalem,2M,0.15%,Saudi Arabia,"Food Entertainment and Music Film, Music & Books Humor",604.9K
93,@6f6fr,2M,90.6%,Saudi Arabia,,602.3K
94,Mohammed Almousa محمد الموسى @m_almousa399,2M,0.03%,Saudi Arabia,Beauty Modeling Entertainment,600.3K
95,وجدان محمد Wejdan Mohammad @wejdan_mohammad_1,2M,1.81%,Saudi Arabia,Food,600.3K
96,Eleen Suliman | الين سليمان 🇸🇦 @eleen_su,2M,0.28%,Saudi Arabia,Fashion and Accessories Beauty and Self Care,599.2K
97,Syafiq Riza Basalamah @syafiqrizabasalamah_official,2M,0.39%,Saudi Arabia,Education,596.5K
98,The Moshaya Family @mmoshaya,2M,0.27%,Saudi Arabia,family Celebrity,592.5K
99,م.عبدالعزيز العقلا @3zoqla,2M,0.14%,Saudi Arabia,Celebrity,589.9K
100,Aya Fawzy | ايه فوزى @ayafwzy,2M,0.95%,Saudi Arabia,Beauty and Self Care family Travel,589.6K
