#,NAME,FOLLOWERS,ER,COUNTRY,TOPIC OF INFLUENCE,POTENTIAL REACH
1,❣️Sky & Tami❣️ @skyandtami,14.8M,-,Ukraine,,4.4M
2,nnotochka @nnotochka,6.3M,-,Ukraine,Beauty and Self Care,1.9M
3,Elis Stone @elis.stone,4.6M,-,Ukraine,Entertainment and Music,1.4M
4,RepNickTV @repnicktv,4.5M,-,Ukraine,,1.4M
5,😇EGOR🧲 @malibash,4.4M,-,Ukraine,,1.3M
6,milomanheim @milomanheim,3.9M,0.1%,Ukraine,,1.2M
7,Миша Городецкий @mishayoung,3.8M,0.3%,Ukraine,,1.1M
8,Sasha @hava.off,3.7M,-,Ukraine,,1.1M
9,HUSMUT @husmut,3.6M,-,Ukraine,,1.1M
10,ДЮХА?!🧬 @dux.a_,3.2M,-,Ukraine,,960K
11,Лера @le_peshka,2.9M,-,Ukraine,,870K
12,ASMR💓 FUN 💓UKRAINE💓 @likapikka,2.9M,-,Ukraine,,870K
13,Mv Ryhan @mvryhan,2.9M,-,Ukraine,,870K
14,WINNI🇺🇦 @winnidesigns,2.7M,-,Ukraine,Romance and Wedding,810K
15,Анна Тринчер @annatrincher,2.4M,-,Ukraine,Entertainment and Music,720K
16,BabyBunny @babybunny22,2.3M,0.1%,Ukraine,Pets,690K
17,Волошин Александр @voloshyn_97,2.1M,-,Ukraine,,630K
18,Yan Luiko @llluiko,2M,0.1%,Ukraine,Games,600K
19,Ваня Дмитриенко @vanya_dmitrienkoo,1.9M,-,Ukraine,Entertainment and Music,570K
20,Demian Volkov 🇺🇦 @demianvolkov,1.9M,-,Ukraine,,570K
21,ЛиЗкА ШуЛьГа🤪 @lizaa.meli,1.6M,-,Ukraine,,480K
22,SLAVA UKRAINI @useyourfingerss,1.5M,-,Ukraine,,450K
23,Игорь Моряк @rybakov_igor,1.4M,-,Ukraine,Finance,420K
24,Андрій Кулик @galin.andriy,1.2M,-,Ukraine,,360K
25,Марина Дорн @marina.dorn,1.1M,0.7%,Ukraine,,330K
26,Денис Turbik @turbik_,1.1M,-,Ukraine,,330K
27,Снежана Винниченко @snegga_vinni,1.1M,-,Ukraine,,330K
28,eva @evadubovitskayaa,1.1M,-,Ukraine,,330K
29,YarikPaw @theyarikpaw,1.1M,5%,Ukraine,,330K
30,a.samarcev @a.samarcev,1.1M,0.1%,Ukraine,,330K
31,Кристина Рожкова 🇺🇦 @chrismee_ro,1.1M,-,Ukraine,,330K
32,🦩IKSTINA🦩 @ikstina,1.1M,-,Ukraine,,330K
33,olya_pobigailo @olya_pobigailo,1M,-,Ukraine,,300K
34,Daria Mayorova @dashatm19_,1M,-,Ukraine,Fashion and Accessories,300K
35,Даша @makogon.dasha,985.8K,-,Ukraine,,295.7K
36,Tary @taras_povoroznyk,985.4K,-,Ukraine,Education,295.6K
37,NAZARKA_18➕ @nazivin00,977.5K,-,Ukraine,,293.3K
38,Просто Шурик @teran1t,968.7K,-,Ukraine,,290.6K
39,ОЛИНКА @alinoises,964.1K,-,Ukraine,,289.2K
40,Кристина @tinchik__,958.6K,-,Ukraine,Art,287.6K
41,Presidentniki curve model @presidentniki,948.7K,-,Ukraine,Fashion and Accessories,284.6K
42,Anatoliy Dobrovolskiy @dobrovolskiy_hchef,946K,0.4%,Ukraine,,283.8K
43,J @nicolee.aep,940.5K,0.2%,Ukraine,,282.2K
44,Ivanna @yosoy_ivanna,939.7K,-,Ukraine,,281.9K
45,Abrekc @abreck_official,935.7K,-,Ukraine,,280.7K
46,МАРИК @marikbey,925.2K,-,Ukraine,,277.6K
47,Nikolas🎅🏻 @malchyn_27,898.3K,-,Ukraine,,269.5K
48,luna & glebbb @glebiluna,896.5K,-,Ukraine,,269K
49,Трафареты.Антон DFA.Stencils @anton_dfa_decor_for_all,895K,-,Ukraine,Arts and Crafts,268.5K
50,Kakashi Hatake @shinobi_cosplay,887.4K,-,Ukraine,,266.2K
51,❤️ТОШЕЧКА❤️ @top4uuuk,881.8K,-,Ukraine,,264.5K
52,Candy Superstar @candy.superstar,879.1K,-,Ukraine,,263.7K
53,Нова Мрія🇺🇦 @karlos.tramble,876.7K,-,Ukraine,Education Funny,263K
54,Tetiana Skalozub @tsminibears,868.4K,-,Ukraine,,260.5K
55,Anastasia-Maria 👼🏼 @anasteiji,867.8K,-,Ukraine,,260.3K
56,Netflixclips🔥 @ubiiinetflix,849.8K,-,Ukraine,,254.9K
57,Илюшка Ilushka @ilushkav2,845.9K,-,Ukraine,,253.8K
58,Zaitcev_Artem @zaitcev_artem,840.3K,-,Ukraine,,252.1K
59,kate musmova @kate.musmova,839.7K,-,Ukraine,Beauty and Self Care,251.9K
60,BUSYA😸 @igor_kvas1,834.6K,-,Ukraine,Pets,250.4K
61,💗your wallpaper💘 @wallpaesthetic,829.8K,-,Ukraine,,248.9K
62,юля ёпт🗿🤍 @snowy_girll,829.6K,-,Ukraine,,248.9K
63,Адвокат Соловьёв @lawyersolo,826.8K,-,Ukraine,,248K
64,825.7k @lllove.smaile,826.2K,-,Ukraine,,247.9K
65,Пчела 🐝 @pchelaman,821.6K,-,Ukraine,Entertainment and Music,246.5K
66,evanormous @evanormous,820.8K,-,Ukraine,,246.2K
67,💕ASMR💕 @asmr_kto,819.5K,-,Ukraine,,245.9K
68,KAREENA @kareenamusic,812.2K,-,Ukraine,Entertainment and Music,243.7K
69,SASHA @barbara_streyzand,812K,-,Ukraine,,243.6K
70,SAFARI @safari_the_real_one,811.3K,-,Ukraine,,243.4K
71,BUTS @butsandrey,809.2K,-,Ukraine,,242.8K
72,👽ВоробушеК👾 @sditsa,804.5K,-,Ukraine,,241.4K
73,stella @aeqshvt,798.2K,0.2%,Ukraine,,239.5K
74,Sussy Baka @justhatsussybaka,789.4K,-,Ukraine,,236.8K
75,Dima Koah @dimakoah,789K,-,Ukraine,,236.7K
76,Vibing with 786k penguins @penguin.....vibes,786.3K,-,Ukraine,,235.9K
77,🅾🅻🅻🅸🅽🅸🅲🅷 @ollinich,785K,-,Ukraine,,235.5K
78,Elizabeth Anorue @llleasy,783.1K,-,Ukraine,,234.9K
79,FruFruASMR @frufruasmr,782.2K,-,Ukraine,,234.7K
80,💜🥰 Костичка 🥰💜 @kievskyyy,779.8K,-,Ukraine,,233.9K
81,Виктор @_lilvi__,776.9K,-,Ukraine,Entertainment and Music,233.1K
82,Айли @aili7143,772.9K,-,Ukraine,,231.9K
83,Joey @joey.bailey,771.8K,0.1%,Ukraine,Education,231.5K
84,Алло @allo.official,771.2K,-,Ukraine,,231.4K
85,🇺🇦 @sweetser,770.4K,-,Ukraine,,231.1K
86,МАША И ЕЁ МАМАША @zolotareva_tt,762.2K,-,Ukraine,,228.7K
87,RonnyRait @ronnyrait,758.4K,-,Ukraine,,227.5K
88,🍀 АНДРЮШЕЧКА 🍀 @ostapyuk_andriy,751.6K,-,Ukraine,,225.5K
89,Daniella✌️ @s.k.daniella,750.8K,-,Ukraine,,225.2K
90,Mik✅ @mik___kor,748.2K,-,Ukraine,,224.5K
91,mary.lvk_ @mary.lvk_,740.7K,-,Ukraine,Entertainment and Music,222.2K
92,B🐝 @brooklynpaigeflamm,740.6K,-,Ukraine,,222.2K
93,Александр Дрёмов @dremow70,739.1K,-,Ukraine,,221.7K
94,Карманный Лев 🦁💣☝️ @serg0_kenny,730K,-,Ukraine,,219K
95,Юля Жежера @yulia_zhezhera,723.2K,-,Ukraine,,217K
96,SC @soniachrn,709.9K,-,Ukraine,,213K
97,Англійська 🇺🇸Катя Іммортал @immortal_kate,707.4K,-,Ukraine,,212.2K
98,GAVADZINHO @gavadzinho,704.9K,0.2%,Ukraine,,211.5K
99,Dr Radion @dr_radion,701.5K,0.5%,Ukraine,,210.5K
100,Ярик Кент @yarik_kent_yt,699.7K,0.1%,Ukraine,,209.9K
