#,NAME,FOLLOWERS,ER,COUNTRY,TOPIC OF INFLUENCE,POTENTIAL REACH
1,SlivkiShow @UCU_yU4xGT9hrVFo6euH8LLw,19.9M,0.8%,Ukraine,,6M
2,Познаватель @UCXTMoE1XgvxN4iCt5-gZzCw,18.3M,-,Ukraine,,5.5M
3,Трум Трум @UCq1JpGFxcZTbbOAz010U-og,13.8M,-,Ukraine,,4.1M
4,Lady Diana @UCCB4-saKfwGbUFO2-rRdUqQ,12.4M,0.4%,Ukraine,,3.7M
5,Маша та Ведмідь @UCHZcTOQMlcCmONp5Apm6qSQ,11.3M,-,Ukraine,,3.4M
6,Magic Five @UCEGfICV92gmM5w2t3gYfQDw,11.2M,-,Ukraine,,3.4M
7,Boys and Toys @UCWI7puXzGTPuxsoW2HD3XxQ,9.4M,0.3%,Ukraine,,2.8M
8,TheBrainDit @UCFBcrywVNeUOqtJgGhPEvQg,8.4M,-,Ukraine,,2.5M
9,vanzai @vanzai,8.3M,1.6%,Ukraine,,2.5M
10,TimOn ChaveS @UC2il4ZKYE7gwjoVDGAbgMbQ,7M,-,Ukraine,,2.1M
11,Трум Трум СЕЛЕКТ @UCA8x119TMd1esbI3woeIbQg,6.9M,-,Ukraine,,2.1M
12,Alex Boyko @UCKj4BooYGVlBTXW21nOwcgQ,6.7M,0.1%,Ukraine,,2M
13,Ali Baba @UC8uTWdM6Ns528noHMHBN15g,6M,-,Ukraine,,1.8M
14,Holdik @UCM6hH7Xa0oanOQeh5RxeRAQ,5.8M,0.1%,Ukraine,,1.8M
15,Artem Plays Toys @UCdKSGuc89r7OfkdwcFAsVIw,5.8M,-,Ukraine,,1.7M
16,Антон Птушкин @UClI9aidW3X044NeB4QS-yxw,5.6M,9.7%,Ukraine,,1.7M
17,OneDay Alex @UCIDMp2rLX4G5C6eiypl9SFA,5.4M,-,Ukraine,,1.6M
18,Ольга Матвей @UCZEqXoz7G4sPniv_hJJbVhw,5.4M,0.1%,Ukraine,,1.6M
19,AuRuM TV @UCh1lXfVnw2L4w8aBHrTy4zA,5.1M,-,Ukraine,,1.5M
20,Телеканал СТБ @UCrb7XNZEwPheovXjgbkH5vg,5.1M,-,Ukraine,,1.5M
21,Серіали України. Прем’єр @UCtKnY1vJ37v-KPgejc2kkBQ,4.9M,-,Ukraine,,1.5M
22,Daniel Gro @UC_OlRSrhwiBX-VC7EPhGlNw,4.9M,0.3%,Ukraine,,1.5M
23,ВУХУУ! @UCKQTOGKzcSPuQgflweqce_Q,4.7M,-,Ukraine,,1.4M
24,Room Factory @UCovLyuOCfHLOPP8Jwc3aZoA,4.6M,1.5%,Ukraine,,1.4M
25,GANGSTER GANG @UCCeAaS4K5IOr3n6KUZvN9zA,4.6M,0.1%,Ukraine,,1.4M
26,YanGo @UCkpvU1ZMcg1RVxxvy8ng60w,4.6M,0.6%,Ukraine,,1.4M
27,ЮМОР ICTV - Официальный канал @UCFTq_8SXc-SByisJqDZp9ZQ,4.3M,-,Ukraine,,1.3M
28,Миллион Сюрпризов @UCgfjL1enXKflahn2-b_fAFQ,4.2M,-,Ukraine,,1.2M
29,Интересный Фикус @UCve3T2JUto59BcaBujrn-Lw,4.1M,1.9%,Ukraine,,1.2M
30,Новий Канал @UCAptZHV2-xkB4GJGgSKRsHQ,4.1M,-,Ukraine,,1.2M
31,Дима Евтушенко @UC-UZpjx7fUGroVLfAIAKUYg,4.1M,-,Ukraine,,1.2M
32,slavikmust [СлавикМаст] @UCZH4Vx5QPuHnmGC7ANv0BdA,4M,-,Ukraine,,1.2M
33,Amelka Karamelka @UC5lt6mntn4AoCJ4g4Mbps9g,4M,0.1%,Ukraine,,1.2M
34,DANIEL BOY @UCdfXOIogbMA7h7iBp--nmYg,4M,0.1%,Ukraine,,1.2M
35,Діма і Машинки @UC1Xz2zFyRGvt06qMJHfz27w,3.9M,-,Ukraine,,1.2M
36,ЗОМБИ ЧЕЗ @UCQpx_LTX4Q34Fz76YDfGwgw,3.9M,-,Ukraine,,1.2M
37,POWER TEST @UCBuxvK2v00T7MM081kqbzEg,3.9M,-,Ukraine,,1.2M
38,Студия Квартал 95 Online @UCfCVlxInB4VuaDFLGqEQqaA,3.8M,0.1%,Ukraine,,1.1M
39,Ridddle UA @UCNfxB3nWgDIpkItC6KSqKsw,3.7M,-,Ukraine,,1.1M
40,The World of Boxing! @UCAaZm4GcWqDg8358LIx3kmw,3.6M,-,Ukraine,Sports,1.1M
41,JoyJoy Lika @UCey_5HjnJ1EYI7k-_bjVFTg,3.6M,-,Ukraine,,1.1M
42,Все буде добре @UCOoYNZKnYW6JP_i2NjkaTdA,3.5M,-,Ukraine,,1M
43,ИККЕРО @UCK8o7PWlBPbzhajib_P7FKg,3.5M,2.5%,Ukraine,,1M
44,Dasha Koshkina @dashakoshkinaua,3.4M,-,Ukraine,,1M
45,Милс PLAY @UCBIfuwYslGljdRGWSELdaUw,3.4M,-,Ukraine,,1M
46,Голос країни @UCi9vAi9cgLd0p6QFasW9d7g,3.4M,-,Ukraine,,1M
47,Александра Киевская @UCf9iZMkNmNJ8n0qw8mPbNGg,3.3M,1.4%,Ukraine,,1M
48,Доктор Комаровский @UCUhtv0VMCbe3RVNr6Qz0lWQ,3.3M,-,Ukraine,,996K
49,Удивительные Факты @UCPAa-a3IGoh78Jva5VrbxFw,3.3M,-,Ukraine,,993K
50,Domer Grief @UCb5oqCZ4AfmfXbgHsfei0tQ,3.3M,4.8%,Ukraine,,993K
51,Anastasiya Shpagina @UCI3Mrva19d3EetUOCmygPKA,3.2M,0.3%,Ukraine,,966K
52,Moadim @UCpaMmuG2YE88n4XX8zbliQg,3.2M,-,Ukraine,,948K
53,Manifest Сhannel @UCFvr5qtcq0xu_rwejp-ME8g,3.1M,0.4%,Ukraine,,930K
54,Готовим с Оксаной Пашко @UCoMKxdrf8_pmg3X-_iDeNgQ,3M,-,Ukraine,,903K
55,Simple Food Recipes @UCmeLhJSpEdc4-4FuEKRkASQ,3M,0.1%,Ukraine,,885K
56,CheAnD TV - Андрей Чехменок @UCoz6QG1iK_ji5-E_zoFODkg,2.9M,-,Ukraine,,879K
57,ND Production @UCLlIpB6BriygXXVmtqjvBdw,2.9M,0.2%,Ukraine,,867K
58,Илья и Картонка @UCbf4HRrVFINZwraUqZA9HyQ,2.8M,-,Ukraine,,849K
59,Тохан @UCJxNqkbomzYhGxqhyQaED8g,2.8M,-,Ukraine,,846K
60,X2DED @UCLNrn6a4Co8D6H7jRZtNPcA,2.8M,4.7%,Ukraine,,846K
61,Mak @UCR2jSuaFk6Xocd--5SLoVow,2.8M,-,Ukraine,,834K
62,Chiki-Piki - Video for Kids @UCWne5RLg65VN1zz6YUAcNnQ,2.8M,-,Ukraine,,831K
63,Игорь Войтенко @UC7DFMwmTVwwSO2E5vs2GgQw,2.8M,0.9%,Ukraine,,828K
64,Время и Стекло @UCNi9ncN8XrpIqOnXIhmDXKA,2.8M,-,Ukraine,,825K
65,Мисс Николь @UCaNuwim22HctBJdJjEU7hJg,2.7M,0.3%,Ukraine,,804K
66,Black Beats @UCHDl4zUzU0VLFG036unHY-w,2.7M,-,Ukraine,,804K
67,Tolly Art @UClx9e9xZ2aUJ4A5CIWBs2oQ,2.6M,-,Ukraine,,783K
68,Фабрика новин @UCMp5Buw-6LpbbV9r9Sl_5yg,2.6M,-,Ukraine,,777K
69,itpedia @UC6bTF68IAV1okfRfwXIP1Cg,2.6M,2.8%,Ukraine,,774K
70,Meditation Relax Music @UCb_kshGodseYhLPcDtxWv5w,2.6M,-,Ukraine,Music Politics,768K
71,Милс Кел @UCyzu2lWpAYkz97NJjpnfmOg,2.6M,-,Ukraine,,768K
72,Lady Diana VLOG @UCVnj1BuBYfezPczrZa7kyJQ,2.5M,3.3%,Ukraine,,756K
73,Vitalik Ignatyuk @UCBHwWYrgvBfJi8Je5zNGJJQ,2.5M,-,Ukraine,,744K
74,ПОТУСТОРОННИЕ @UCIMXNTOhVpMn7XFxaN2P4JQ,2.5M,-,Ukraine,,741K
75,Alex Angel @UCdt4eXdQKZV4zUG8BF_QeyA,2.5M,-,Ukraine,,735K
76,DiLi Play @UCS-_94qsFjXIn6Rp7AjMnVQ,2.5M,-,Ukraine,,735K
77,Nerkin @UCP_oaaQqr3r0jlxeHh_vE9A,2.4M,-,Ukraine,,723K
78,Lady Kapa @UC6DMKiXf8Ynt59b-oj5uyxQ,2.4M,-,Ukraine,,720K
79,iVideos @UCs9tHGGpNjOMiCnbqTGA1PQ,2.4M,-,Ukraine,,714K
80,Игорь Лайм @UCSOSYKMFqMLwko2PfSUTW_A,2.3M,-,Ukraine,,699K
81,Телеканал Прямий @UCH9H_b9oJtSHBovh94yB5HA,2.3M,-,Ukraine,,699K
82,FooDee @UCXDdPCUl4SKQlp0XdltIDgg,2.3M,0.3%,Ukraine,,690K
83,УНІАН @UCKCVeAihEfJr-pGH7B73Wyg,2.3M,-,Ukraine,,690K
84,Добрые советы @UCVabytSq-Mewk0vxAHNznGg,2.3M,0.1%,Ukraine,,687K
85,Fast Sergey @UC5c2noTCCJn_zJDwkvBs6jA,2.3M,0.1%,Ukraine,,684K
86,"Garden, do it yourself. @UC8R1ldt81E86OgS7AMeGluA",2.3M,0.1%,Ukraine,,675K
87,Екатерина Ковалева @UCTA4HigzJIbpU3iVP0-DPSg,2.2M,-,Ukraine,,669K
88,Алетинский @UC-ooO3ultahk_02w4g8KPOQ,2.2M,-,Ukraine,,651K
89,Родион @UCvdBamHV4BkJJQSW-zPfk_A,2.2M,0.7%,Ukraine,,648K
90,GoldenBurst @UCZC7x1xvAQYvMQezKViOiCA,2.2M,1.6%,Ukraine,,648K
91,mc ARTUR @UCOvgPCK0ZmKYwGGbdS49nKg,2.1M,-,Ukraine,,636K
92,МORIS @UC3p1C503O2eoso8sgKK9KqQ,2.1M,-,Ukraine,,621K
93,Mishanya Ogorodnik @UCrRY-c9SZPYOsoPc-J1hpcw,2M,-,Ukraine,,612K
94,SerGioNis @UC8s0NWkonRraFSRaRV2NCUA,2M,0.3%,Ukraine,,612K
95,KATEMADE ART @UCbhj0q0WSv5uEPd12X35_IQ,2M,-,Ukraine,,612K
96,Матвей Котофей @UCmRDN4BFeHMqDZoFnU6Epuw,2M,-,Ukraine,,609K
97,Webspoon PLUS @UCSZyNG_9DsN6sk3gNvTKURg,2M,0.3%,Ukraine,,606K
98,Євгеній Бондаренко³ @UCs-8HSq9pGh2muh3-OQy11g,2M,-,Ukraine,,606K
99,My EXPERIMENTS @UCkM9AYVMYsjakDbCm4l9e0g,2M,-,Ukraine,,603K
100,Black Horse @UC3zqz87NP_nJsxAaQ_2D8eA,2M,-,Ukraine,,603K
