#,NAME,FOLLOWERS,ER,COUNTRY,TOPIC OF INFLUENCE,POTENTIAL REACH
1,Giannis Ugo Antetokounmpo @giannis_an34,16.2M,1.25%,Greece,Sports Entertainment Basketball Athlete,4.9M
2,Péricles @pericles,6.4M,0.38%,Greece,Entertainment and Music,1.9M
3,Kris @kristenhancher,4.7M,0.5%,Greece,Entertainment and Music Fashion and Accessories Beauty and Self Care Fitness and Health,1.4M
4,Dimosthenis Sintou Koutoudis @denniskoutoudis,4M,7.67%,Greece,Product Showcase Business and Finance Entrepreneur Business,1.2M
5,Kostas Tsimikas @tsimikas21,2.1M,8.89%,Greece,Sports,638.7K
6,Mila Romanidi @mila_romanidi_official,2.1M,0.6%,Greece,Entertainment and Music News Modeling,634.2K
7,Victoria Banxx @vickybanxxtv,1.9M,2.11%,Greece,,578.7K
8,Stefanos Tsitsipas @stefanostsitsipas98,1.9M,1.88%,Greece,Sports Tennis,569.1K
9,Akis Petretzikis @akis_petretzikis,1.9M,0.58%,Greece,Food Recipes Cooking,558.8K
10,Zoya Tsopei @zoya_tsopei,1.7M,4.2%,Greece,Art Music Fashion,504K
11,YRAGGAN🇬🇷 @yraggan,1.6M,2.62%,Greece,,486.4K
12,Ioanna Bella @bella_ioanna,1.5M,0.28%,Greece,Fashion and Accessories Modeling,461.8K
13,Maja Malnar @majamalnar,1.5M,1.02%,Greece,Entertainment and Music Fashion and Accessories Travel Hair & Beauty,436.3K
14,@elenimenegaki,1.3M,0.94%,Greece,Fashion Parenting,400.4K
15,Thanasis Antetokounmpo @thanasis_ante43,1.3M,0.36%,Greece,Sports Music Modeling Entertainment,398.9K
16,Maria Koutsogiannis 🇬🇷 Greek Food Blogger @foodbymaria,1.3M,1.73%,Greece,Food Food and Drink Business and Finance Recipes,391.6K
17,Zoe Garifallou @zoegara,1.2M,7.72%,Greece,Sports,354.5K
18,Αλέξανδρος Κοψιάλης @alexandros_kopsialis,1.2M,7.48%,Greece,Video Gaming Celebrity Soccer,350.1K
19,Andreas Geo @georgiou82,1.2M,0.8%,Greece,Celebrity Actors,345.2K
20,Fay Skorda @fayskorda,1.1M,1.46%,Greece,Entertainment and Music,329.2K
21,Konstantinos Argiros @argiros_konstantinos,1M,3.72%,Greece,Entertainment and Music Music Singer Producers,305.1K
22,Alex Benz | Грек🇬🇷 @alexandrbenz,1M,3.88%,Greece,,303.3K
23,Xenia Psyllaki @xenia_psyllaki,915.7K,1.06%,Greece,Photography Travel iPhone,274.7K
24,Angelos Patsis @plakaexei,894.2K,4.12%,Greece,Funny Humor,268.3K
25,Katerina Kainourgiou Official @katken85,881.2K,1.41%,Greece,Entertainment and Music Parenting Lifestyle Styling,264.4K
26,Madalina Diana Ghenea @officialmadalinaghenea,879.8K,3.4%,Greece,Fashion Modeling Actors,263.9K
27,Konstantina Spyropoulou 🧿 @konstantinaspyropoulou,879.3K,1.48%,Greece,family Travel Food Beauty and Self Care,263.8K
28,Sophia🇬🇷 @sophiabody,831.9K,0.76%,Greece,Entertainment and Music Celebrity Music Modeling,249.6K
29,Mary Synatsaki @mairiboo,816.5K,3.04%,Greece,Fashion and Accessories Arts and Crafts Business and Finance Parenting,245K
30,CHICHI @chichisvl,778.3K,1.27%,Greece,Arts and Crafts DIY and Life Hacks Beauty and Self Care Modeling,233.5K
31,Kostas Antetokounmpo @kostas__ante13,773.7K,9.8%,Greece,Singer Music Entertainment,232.1K
32,Helena Paparizou @helenapaparizouofficial,769.4K,1.79%,Greece,Entertainment and Music Journalists,230.8K
33,Chiara Bianchino @chiarab_model,761.8K,0.32%,Greece,Food and Drink Fashion Actors Bikini,228.5K
34,Alexia Eram♛ @alexiaeram,723.2K,0.51%,Greece,Fashion and Accessories Travel,217K
35,stam_tsimtsili @stam_tsimtsili,711.1K,1.04%,Greece,Entertainment and Music Lifestyle,213.3K
36,Nikos Moutsinas @nikosmoutsinas,705.5K,4.2%,Greece,Entertainment and Music Actors,211.7K
37,Nikki Roumel @nikkiroumel,678.5K,7.36%,Greece,Celebrity Entertainment and Music,203.5K
38,Dimitris alexandrou @dimitris_alexandrou,659.8K,11.32%,Greece,Food Modeling Lifestyle,197.9K
39,Evridiki Valavani @evridiki_valavani,642.7K,1.66%,Greece,Fashion and Accessories Lifestyle Modeling,192.8K
40,Vicky Kaya @vickykaya_,638.6K,1.28%,Greece,Fashion and Accessories Modeling,191.6K
41,LIGHT @nerogreco,636.9K,10.69%,Greece,Entertainment and Music Business and Finance Music Singer,191.1K
42,Natasa Theodoridou @natasatheodoridou,632.2K,3.4%,Greece,Entertainment and Music Music Modeling,189.7K
43,Juan Manuel Iturbe @juan_iturbe93,627K,4.67%,Greece,Sports Marketing and Advertising Soccer Actors,188.1K
44,Argiro Barbarigou @argirobarbarigou,625.7K,0.59%,Greece,Food Food and Drink Cooking Chef,187.7K
45,CHRISTINA SIKALIAS @christinasikalias,617.4K,0.99%,Greece,Beauty and Self Care Education Hair & Beauty Celebrities,185.2K
46,Vitalii Kravtsov 🌙 @fiftikk,609.8K,1.95%,Greece,Fashion and Accessories Outdoor Activity Photography Adventure,182.9K
47,𝗠𝗔𝗥𝗜𝗔 𝗞𝗢𝗥𝗜𝗡𝗧𝗛𝗜𝗢𝗨 @mariakorinthiou,606.2K,0.95%,Greece,Entertainment and Music Fashion and Accessories Celebrity Modeling,181.9K
48,ILIANA PAPAGEORGIOU @ilianapapageorgiou,596.1K,2.3%,Greece,Entertainment and Music Modeling Actors,178.8K
49,SAM BIRD @samrobertbird,594.3K,0.14%,Greece,Entertainment and Music Photography Music Modeling,178.3K
50,Tasos Dousis @tasosdousis,594K,3.57%,Greece,Entertainment and Music,178.2K
51,maria Iliaki @marakiiliaki,592.4K,1.17%,Greece,Entertainment and Music Styling Modeling,177.7K
52,Chaney Jones @chaneyjonesssss,569.3K,2.06%,Greece,,170.8K
53,Marco Parrino @marcoparrino,551.2K,1.81%,Greece,Education Lifestyle Modeling Celebrities,165.4K
54,SAKKATTACK @mariasakkari,541.6K,3.84%,Greece,Sports Tennis Film Actors,162.5K
55,Yanis Grek Life @yanis.life,533K,2.99%,Greece,Education Food Modeling Cars & Motorcycles,159.9K
56,Κουτσόπουλος Λεωνίδας @chef_koutsopoulosleonidas,526.9K,15.23%,Greece,Food Chef,158.1K
57,Katerina Geronikolou @katerina_geronikolou,525K,2.59%,Greece,,157.5K
58,Solven @realsolvenmusic,520.9K,0.26%,Greece,Entertainment and Music Celebrity Music,156.3K
59,Εleonora Meleti @nonoram,511.5K,2.86%,Greece,Entertainment and Music Journalists,153.4K
60,Naz Eleftheria @nazeleftheria,507.4K,1.73%,Greece,Entertainment and Music,152.2K
61,Smaragda Karydi @smaragda_karidi_official,506.3K,1.88%,Greece,Acting and Drama Celebrity,151.9K
62,@itskalomira,502.3K,1.74%,Greece,Art Music Actors Modeling,150.7K
63,Natalia Germanou Official @natalia_germanou,500.2K,0.82%,Greece,Entertainment and Music Music Producers Actors,150.1K
64,Mathieu Valbuena @mv28_officiel,480.2K,2.22%,Greece,Sports Soccer,144.1K
65,Georgios Samaras @samaras_official,479.7K,9.89%,Greece,Sports Soccer,143.9K
66,Dimitris Pelkas @dimitrispelkas,470.2K,5.78%,Greece,Sports Soccer,141.1K
67,Despina Vandi @desp1navandi,466.7K,4.39%,Greece,Fashion Modeling,140K
68,Ioannis Koulousis | Travel Filmmaker @iamjnkstyle,462K,0.03%,Greece,Photography Entertainment and Music Business and Finance Celebrity,138.6K
69,Sofia Tsakiridou 🪽 @matiamubysofia,451.4K,0.62%,Greece,Fashion and Accessories Beauty and Self Care Lifestyle Celebrities,135.4K
70,Δήμητρα Αλεξανδράκη @dimitraalexandraki1,448.7K,3.29%,Greece,Fashion and Accessories Parenting,134.6K
71,Σοφία Φυρού @sofia.firou,447.5K,13.13%,Greece,,134.2K
72,Chuba Akpom @cakpom,439K,5%,Greece,Soccer,131.7K
73,A N A S T A Z I A 🎀 @loveanastazia,431.8K,0.31%,Greece,Fashion and Accessories Bikini Modeling,129.5K
74,DENIA 🇬🇷 @denia_agalianu,430.2K,2.23%,Greece,Entertainment and Music Romance and Wedding Celebrity Celebrities,129.1K
75,Leryn Franco Steneri @lerynfranco1,428.9K,0.33%,Greece,Fashion and Accessories Actors,128.7K
76,Maysam El faisel ميسم الفيصل @maysamelfaisel,428.8K,3.29%,Greece,Fashion,128.7K
77,Katerina Stikoudi @stikoudikaterin,426.4K,1.62%,Greece,Entertainment and Music Music Modeling Singer,127.9K
78,ykapoutzidis @ykapoutzidis,416.9K,2.84%,Greece,Entertainment and Music Modeling Fashion Design,125.1K
79,Anastasia Giousef @anastasia_giousef,408.5K,2.98%,Greece,Entertainment and Music Beauty and Self Care,122.5K
80,Nikolaos Pappas @neekpappas,400.7K,0.02%,Greece,Finance,120.2K
81,Eleni Hatzidou Pavlou @eleni.hatzidou,398.5K,1.1%,Greece,Entertainment and Music Singer Music Actors,119.5K
82,Tatiana Stefanidou @tatistefanidou,395K,1.42%,Greece,Entertainment and Music Music,118.5K
83,Stauros MeroⓂ️ @staurosmero1,388.6K,0.95%,Greece,Pets Modeling Fashion,116.6K
84,Angeliki Kokla @dat_lilly,381K,9.88%,Greece,Entertainment and Music family Parenting,114.3K
85,Maria Bacodimou @mariabacodimou,376.6K,1.05%,Greece,Fashion Lifestyle,113K
86,RAPFILL @rapfill_12,368.8K,4.6%,Greece,Music,110.6K
87,Angelos katsilianos @katsi_22,368.5K,5.29%,Greece,Pets,110.5K
88,Evgenia Samara @eugeniasamara,364K,3.6%,Greece,Entertainment and Music Pets Parenting Home and Garden,109.2K
89,Santorini @santorini,363K,3.95%,Greece,Travel Home and Garden,108.9K
90,Μάρκος Σεφερλής @markos_seferlis_real,362.8K,3.62%,Greece,Entertainment and Music Celebrity Actors,108.8K
91,Kyriakos Mitsotakis @kyriakos_,359.6K,3.87%,Greece,,107.9K
92,LUANA & FRED | Luxury •Travel• Content Creators @pilotluana,357.7K,7.26%,Greece,Travel Adventure,107.3K
93,Panche Dimitriev @panchedimitriev,354.7K,0.14%,Greece,Fitness and Health Home and Garden Dogs,106.4K
94,Panos Ioannidis @ioannidispanos,351.3K,1.23%,Greece,Food,105.4K
95,Elena Mariposa Kremlidou @elena_mariposa,351.3K,1.3%,Greece,Fashion and Accessories Arts and Crafts DIY and Life Hacks Travel,105.4K
96,Triantafyllia Tsinoglou @filio_lou,350.4K,6.49%,Greece,family Parenting Modeling,105.1K
97,Ευτύχης Μπλέτσας @ftbletsas,349.6K,1.2%,Greece,Travel Entertainment and Music Adventure,104.9K
98,▪️ʀᴇᴍᴇᴍʙᴇʀ ᴡʜʏ ʏᴏᴜ sᴛᴀʀᴛᴇᴅ..▪️ @ilias__gkotsis,349.1K,2.12%,Greece,Fitness and Health Personal Blog Creators & Celebrities,104.7K
99,ᴅᴀɴᴀɪ ʙᴀʀᴋᴀ 🌻🧿 @danai_barka,345.4K,3.1%,Greece,Entertainment and Music Celebrity,103.6K
100,Manos @g.manos,343.4K,22.98%,Greece,Entertainment and Music,103K
