#,NAME,FOLLOWERS,ER,COUNTRY,TOPIC OF INFLUENCE,POTENTIAL REACH
1,Andreas Polychronis @andreaspoly,3M,-,Greece,Funny,900K
2,Nikolas Plytas @nikolasplytas,2.5M,-,Greece,Sports,750K
3,KNITE | ナイト @knitecoser,839.6K,0.3%,Greece,Animation and Cosplay,251.9K
4,Vicky Kalea @vicky_kalea,818.7K,0.1%,Greece,,245.6K
5,Der Saki😎🇬🇷 @dersaki,762.3K,-,Greece,Entertainment and Music Funny,228.7K
6,Grecia🖤 @grecia.svp,699.3K,0.1%,Greece,Beauty,209.8K
7,you_are_amazing<3 @i.love_you.1234,593.1K,-,Greece,Travel,177.9K
8,Ilias Gkotsis @iliasgkotsis,586.6K,-,Greece,,176K
9,Sofya Koukla @sofyakoukla,581.9K,-,Greece,Beauty and Self Care,174.6K
10,Argus Kaldea @moonpriest,531.4K,-,Greece,,159.4K
11,Αλέξανδρος Κοψιάλης @alexandros.kopsialis,518.3K,0.1%,Greece,Entertainment and Music,155.5K
12,Mua_agapi @mua_agapi,513.4K,-,Greece,Beauty and Self Care,154K
13,Natascha @nataschaa.zbr,507.2K,-,Greece,Music,152.2K
14,Yanis Arvanitaris @arvanitaris,468.5K,0.1%,Greece,,140.6K
15,eleny Yallou @elenyyallou,451.5K,-,Greece,Entertainment and Music,135.5K
16,Eugenios @slidismode,421.7K,0.3%,Greece,,126.5K
17,Djorkis @djorkis,408.2K,-,Greece,,122.5K
18,vemojohn @vemojohn,405K,0.2%,Greece,,121.5K
19,George Tzimas @georgetzimas,394.9K,-,Greece,,118.5K
20,Jimmy Ntebekos @jimmythegreek7,388.3K,-,Greece,family,116.5K
21,🐺shewolf.artgr @shewolf.artgr,375.7K,-,Greece,Animation and Cosplay,112.7K
22,DimitrisDkKyrsanidis @dimitriskyrsanidis,373.3K,-,Greece,,112K
23,Laura @laura.nestola,371.5K,-,Greece,Entertainment and Music Fashion and Accessories,111.5K
24,sokratis1996 🇬🇷🇵🇱 @sokratis1996,363.9K,-,Greece,,109.2K
25,Foureira @iamfoureira,341.7K,0.3%,Greece,,102.5K
26,𝐏𝐄́𝐑𝐈𝐒 𝐏𝐑𝐄́𝐒𝐋𝐄𝐘 @peryz,337.1K,0.3%,Greece,Fashion and Accessories Arts and Crafts Entertainment and Music Business and Finance,101.1K
27,Brian @brian_hector21,335.2K,-,Greece,,100.6K
28,Mixail Aggelos Kritikos @mixail_kritikos,328.1K,-,Greece,Travel,98.4K
29,Anna_Amanatidou @anna_amanatidouu,304.6K,-,Greece,,91.4K
30,DAMIAN @goodam1an,301.5K,0.3%,Greece,,90.5K
31,nikos__anagnostopoulos @nikos__anagnostopoulos,292.5K,-,Greece,Acting and Drama,87.8K
32,🇬🇷Hi MyNameIsIri🤓 @my.name.is.iri,292K,-,Greece,,87.6K
33,elena_fenia @elena_fenia,284.5K,-,Greece,,85.4K
34,Panagiotis & Xristos @varou_twins,283.2K,0.1%,Greece,Fashion and Accessories,85K
35,Red Bull Greece @redbullgre,274.9K,-,Greece,,82.5K
36,"Monica"" -Charming girl 😉 @monicamusic7",273.3K,-,Greece,,82K
37,Mohak narang @mohak.narang_01,265.1K,0.5%,Greece,,79.5K
38,Akis Petretzikis @akis_petretzikis,263.3K,0.1%,Greece,,79K
39,Athena Inluxay @athenainluxay,257.2K,-,Greece,,77.2K
40,Greek Vibes @greek_vibes,257.2K,2.3%,Greece,Travel,77.2K
41,♡︎𝙰𝚜𝚖𝚛𝚜𝙹𝚎𝚜𝚜𝚒♡︎ @jessi18920,257.1K,0.1%,Greece,,77.1K
42,Hamza Nabil | حمزة نبيل @hamza.nabil5,254.9K,-,Greece,,76.5K
43,Richard Vela @richard_vela91,251K,-,Greece,,75.3K
44,Mike Dokas @mikedokas,250.2K,0.2%,Greece,Business and Finance,75.1K
45,Verbena_mlp @verbena_mlp,243.9K,-,Greece,,73.2K
46,amber @ambercroyle,238.4K,-,Greece,,71.5K
47,Kaylee 🌻 @kayleexxoxo,235.2K,-,Greece,,70.6K
48,🧿Eftihia🧿 @eftihia1010,232.7K,-,Greece,,69.8K
49,skiourakic :) @skiourakiss,231.6K,0.7%,Greece,,69.5K
50,꧁☆ßαdαﾚš⊕ﾚαηκï☆꧂ @badalsolanki08,230.4K,-,Greece,,69.1K
51,maya @ohshitabee,227.9K,-,Greece,,68.4K
52,Lay🔥 @layza_oded,226.3K,-,Greece,,67.9K
53,Paulos_k.r @paulos_k.r,225.3K,-,Greece,,67.6K
54,JoMode @jomode,223.8K,0.2%,Greece,,67.1K
55,katerinaop @katerinaop_,223.7K,-,Greece,,67.1K
56,la._.no._.toxica @la._.no._.toxica,222.8K,0.1%,Greece,,66.8K
57,KING 🇬🇷 @v_0_0_7,213K,-,Greece,,63.9K
58,Em @emseriess,212.9K,0.8%,Greece,,63.9K
59,Savvas Kon @savvas.kon,209.9K,0.2%,Greece,,63K
60,giacomourtis @giacomourtis,206.2K,0.1%,Greece,,61.9K
61,Πολιτικά Ανορθοδοξος @real_life_guy_official,201.2K,-,Greece,Entertainment and Music,60.4K
62,Despoina Denekou @despoinantenekou,201K,-,Greece,,60.3K
63,kass1a.xrf @kass1a.xrf,200.9K,-,Greece,,60.3K
64,♕♡⚽ΑⱰRéNαLiNe⚽♡♕ @adrenaline_ftbl,200.5K,-,Greece,Sports,60.2K
65,Elena Aggelova @elenaaggelova,200.4K,-,Greece,Arts and Crafts Education,60.1K
66,Prammatias_Ck @limechili,200K,-,Greece,,60K
67,Λάμπρος Φισφής @lambrosfisfisofficial,195.9K,0.5%,Greece,Entertainment and Music,58.8K
68,Maria @maria_mtsl,195.2K,-,Greece,,58.6K
69,🌸Stefania&Eua🌸 @_stefaniaandeua_,189.8K,0.1%,Greece,,56.9K
70,aris 🏴‍☠️ @yungairass,189.8K,-,Greece,Auto and Vehicles Automotive,56.9K
71,Nikos Moutsinas @nikosmoutsinas,188.7K,-,Greece,Music,56.6K
72,Konstantina @konstantinas_tiktok,188.6K,0.1%,Greece,,56.6K
73,☁︎︎𝚃𝙸𝙺𝙷𝙸𝙸𝚈𝙴𝙳𝙸𝚃𝚂☁︎︎ @77_tikhiiy_77,187.3K,0.1%,Greece,,56.2K
74,Malvina Nasla @malvinanasla,185.5K,-,Greece,,55.7K
75,ΔLISΩΠ @alisonbern,185.3K,0.1%,Greece,Life and Society,55.6K
76,Robiul Islam @robiuld20,181.3K,-,Greece,,54.4K
77,HomaRaidik @homides8,180.9K,-,Greece,,54.3K
78,𝑻𝒉𝒂𝒏𝒐𝒔𝑽𝒂𝒔𝒊𝒍𝒆𝒊𝒐𝒖 @mr.apple.gr,180.7K,-,Greece,,54.2K
79,Petran @greek_unboxing,180.6K,-,Greece,,54.2K
80,evangeline🇬🇷 @evangeline.g,175.9K,0.4%,Greece,Sports,52.8K
81,aidan @drainmembers0nly,175K,0.4%,Greece,,52.5K
82,🎊𝑇𝑢🎭𝐹𝑙ɑ𝑘𝑖𝑡𝑜𝑀ɑ𝑟𝑐🎉 @marct.14_1_21,172.9K,-,Greece,,51.9K
83,francesca markos @itscescaaa,172.2K,-,Greece,,51.7K
84,Johnny Hollywood @_johnnyhollywood,172K,-,Greece,,51.6K
85,Anita Thiam @domousoumboulou1,171.9K,-,Greece,,51.6K
86,mariakakdela @mariakakdela7,171.9K,-,Greece,,51.6K
87,Nickktube @nickktube,170.8K,-,Greece,Entertainment and Music,51.2K
88,Littlelipsyncer @littlelipsyncer,169.6K,-,Greece,Entertainment and Music,50.9K
89,Storm @blackchynaandream,167.7K,-,Greece,,50.3K
90,Ιων ντιι @iwnntii22,167K,-,Greece,,50.1K
91,Agis Nh @agiss201,164.7K,-,Greece,,49.4K
92,Stryder @kleighstryder,164.5K,-,Greece,,49.4K
93,VMpour @vasilisbour,163K,0.8%,Greece,,48.9K
94,sokratis.v2.1996 🇬🇷🇵🇱 @sokratis.v2.1996,162.5K,-,Greece,,48.8K
95,RFM @georgeretro,160.2K,0.1%,Greece,Sports,48.1K
96,Giannis Katinakis @giannis_katinakis,159.8K,0.8%,Greece,,47.9K
97,Eleanna Manoli @eleannamanoli,159.8K,9.2%,Greece,,47.9K
98,George Toreli @george.toreli.88,159.5K,-,Greece,,47.9K
99,Stud City @the_stud_city,157.5K,0.1%,Greece,,47.3K
100,cee_jae_gee @cee_jae_gee,157.4K,0.2%,Greece,Fashion,47.2K
