#,NAME,FOLLOWERS,ER,COUNTRY,TOPIC OF INFLUENCE,POTENTIAL REACH
1,Teo CRi @UC740ilqsaYlnp0CFdYQoowA,2.9M,-,Greece,,876K
2,Zouzounia TV @UC9QSJuIBLUT2GbjgKymkTaQ,1.5M,-,Greece,,450K
3,2J @UCGSv9_cj9LDtF-MvXEr7-Ug,1.4M,-,Greece,,405K
4,Ένας αγέρας @UCQ66z_au9-ufIbybuqexxKw,1.2M,-,Greece,,369K
5,Manos @UCoRh0k2djLqXLnZy1fy0A0w,1.2M,14%,Greece,,369K
6,Άκης Πετρετζίκης @UC9DGkZrmvWPk-yqLawxTcfQ,1M,-,Greece,,306K
7,d2eTV @UCbEUHIwdQE85cZHod6p0R8w,1M,0.3%,Greece,,300K
8,2J Games @UCY-aY6fAqJauPWfxZ7HTZig,985K,0.6%,Greece,,295.5K
9,Chhama Haryanvi @UCHwqKzotbgsvrzVf0ZBqIiQ,961K,-,Greece,,288.3K
10,Unboxholics @UCjBCvQBVTh4XjPwtSMQNcFg,945K,2.1%,Greece,,283.5K
11,KouKouTsa Play TV @UC13tOSJWn2uQGypDeaLdjEg,796K,-,Greece,Pets,238.8K
12,PanosDentGames @UCPgaR6E8Oz7LLW1um06dw6Q,739K,0.8%,Greece,,221.7K
13,Disney Greece @UCy84vrlfPcEniv1wuyTr3fw,735K,-,Greece,,220.5K
14,Alpha Mods @UCvk6t007YiKnq1ltPHSnGZQ,685K,-,Greece,,205.5K
15,StarTvGreece @UCwUNbp_4Y2Ry-asyerw2jew,683K,-,Greece,,204.9K
16,PANTELIS PANTELIDIS OFFICIAL Pq @UCzcgU8zoBWid66FtBijwZaw,643K,-,Greece,,192.9K
17,Ermal Mamaqi @UCGDcVh8bKrZKIboVExRTh9g,609K,-,Greece,,182.7K
18,SNIK OFFICIAL @UCVbMczzYbjoMnJNpGKRXJQw,593K,4.7%,Greece,,177.9K
19,ASMeRi Eats @UCMme4fykTMpS6lYnLnq2Ccw,592K,-,Greece,,177.6K
20,Gianuba22 @UC5vDKtehyPdBezH-1sZW4cA,565K,-,Greece,,169.5K
21,PanosDent @panosdentofficial,556K,2.7%,Greece,,166.8K
22,Jeremy @UC9M8JOr7Fb_Eek_4HH9MjeA,548K,-,Greece,,164.4K
23,Akis Petretzikis @UCcbNHNmULeU1OoNylpPIRQQ,547K,-,Greece,,164.1K
24,Πέππα το Γουρουνάκι - επίσημο κανάλι @UCkiXi3X7fGie4Now_0a5vtA,539K,-,Greece,,161.7K
25,Konilo @UCErefDyyeG-QNw7jJ5OLB_g,539K,2.3%,Greece,,161.7K
26,RadioUtopia Video Creations @UC8bX_BM3oc-IcIy0zPRH2QA,515K,1.7%,Greece,,154.5K
27,Takis Shelter @takisshelter,506K,0.7%,Greece,Pets,151.8K
28,Greek Songs @UChMcgwcwdDdAS7nFrksaL9w,499K,-,Greece,,149.7K
29,John JLover @UCDMCoH_-mUj6yp1Zdce_2LA,492K,1.2%,Greece,,147.6K
30,Toquel @UCuR4lL9oMNITJuULQZvTfVQ,483K,-,Greece,,144.9K
31,ItsOnlySkillz @UC66IdZuclrQIoR5lf6nuQDA,479K,2.4%,Greece,,143.7K
32,Fraoules22 @UC-tSuhl4OPZ94vQtPKCwpMg,473K,-,Greece,,141.9K
33,Alexandros Kopsialis @UC0PuYn9DiRICtAnDnWluCpA,471K,-,Greece,,141.3K
34,Cat Von K @UCNx65cR5o_GrZm-neV17YhA,467K,1.6%,Greece,,140.1K
35,Aetos 68 @UCkH0VIeYcSZvKDLmcycw4Kw,464K,-,Greece,,139.2K
36,AlphapopOriginal @alphapoporiginal,461K,0.7%,Greece,,138.3K
37,EasyDo @UC5aMO145apupAMhKtpD0ujQ,455K,-,Greece,,136.5K
38,Νίκος Οικονομόπουλος Official YouTube Channel @UClO0RfbC7SKAw4c18eFa_xg,444K,-,Greece,,133.2K
39,OPEN @UCllCEPTcZ_GplDaFsdq_utA,433K,-,Greece,,129.9K
40,Bracha Goldsmith @UC15DJ5ZrUtrfwp9MrzsAwLQ,423K,0.8%,Greece,,126.9K
41,Hacky @UCfTcxUgSWBAfCJ9Z68XkM6g,413K,-,Greece,,123.9K
42,Best Top10 @UCXC4laYWl0bvxx3TpwhIzcg,409K,0.3%,Greece,,122.7K
43,LIVE KITCHEN CHANNEL @UCdlE5xd8HTFrgcbodSNCCqQ,403K,0.2%,Greece,,120.9K
44,Vine Time @UC5qwqfc2pKK2XUBTGs6Mo5w,401K,-,Greece,,120.3K
45,Mastered UI Kostas @UCQrKvhhhtJaTJoDcOWXw_nA,400K,0.1%,Greece,,120K
46,Amos and Friends @UCfqAKZyFOKG2kd1I-YzkynQ,399K,-,Greece,,119.7K
47,ARIADNI STAR @UCFC6ddNu6jUxUkkqel-zMtg,392K,2.3%,Greece,,117.6K
48,GL Show @UC5_mz3DN_m9dTlsyH1Hy2BA,391K,4.2%,Greece,,117.3K
49,LegitGamingGR @UCRQB92ym7BcpJnx5G3nC8EA,389K,1.5%,Greece,,116.7K
50,ΕΡΤ Α.Ε. @UC0jVU-mK53vDQZcSZB5mVHg,386K,-,Greece,,115.8K
51,travelmoto @UCzzX6cJ8E4C9L87PSHOweGA,385K,-,Greece,,115.5K
52,Gloomy Gentlemen @UCWAb0-QD2WhYtst4j1OtfrQ,377K,0.5%,Greece,,113.1K
53,katerinaop22 @UCCDNHMhHsVv3EwsgZ1oiiRQ,376K,1.6%,Greece,,112.8K
54,FAMOUS TOLI @UCTomyRBmUch4ceMfIOu2MKg,375K,0.6%,Greece,,112.5K
55,CaptainPanez @UC9sP6AFEI3tGeoDGZk2DByw,372K,-,Greece,,111.6K
56,Madorasindahouse @UCLlteTn0b0VBOInvXR_SJcQ,365K,-,Greece,,109.5K
57,ARTEMI STAR @UCS1nKAcuFiw4BQVrp93JdAA,363K,-,Greece,,108.9K
58,Above The Hood @UCrmIiK8WC-9S4vQFyWyZTFQ,360K,-,Greece,,108K
59,Manuella @UCT-YRkKogYobuU8_wPtFOkg,359K,1.3%,Greece,,107.7K
60,Sofia Moutidou @UC9MxKvlt9jo3GgdbP5oJHVQ,351K,-,Greece,,105.3K
61,Planetworks TV @UCG3uiuJj_En_DQlZegbV9QQ,342K,-,Greece,,102.6K
62,Καθαρή Δύναμη @UCml1q-7M8me67TfWRW_7kpQ,330K,-,Greece,,99K
63,مسلسلات وأفلام كرتون بالعربية @UCs0_YIFDPpYRqQtU5gl4kTA,329K,0.5%,Greece,,98.7K
64,Mad TV Specials @UC19VnzgS9LgBAlOVVjNAogA,329K,-,Greece,,98.7K
65,i Mikri Ollandeza @UC6m3fpcYxJ6UzrYFdv00Xjw,326K,-,Greece,,97.8K
66,Ευτύχης Μπλέτσας @UCVO2_vAXqk-84iByks7GvaA,322K,0.1%,Greece,,96.6K
67,Survivor Greece @UCkazWv8EZHdlMn2vPFov00g,321K,-,Greece,,96.3K
68,Pavlos Bouros @UCPCtbCJ9Aft8MNIvrohXwvw,321K,2.3%,Greece,,96.3K
69,AmiYiamiTube @UCINQg0BNDHQvndHRw6bsxnA,316K,2.8%,Greece,,94.8K
70,W1ndz @UCHyU7rXKyZHpYfIUG7fLtRA,312K,-,Greece,Video Gaming,93.6K
71,απλά για γέλιο @UC3DWyA5BDoA1HNEanH5WWTw,308K,-,Greece,,92.4K
72,Alekkun @UC6neWk5ip97IGHClu5Jo7NA,306K,3.6%,Greece,,91.8K
73,AniPin @UCHLxd4SLFb3zE9hlNHppEBQ,300K,-,Greece,,90K
74,MyLifeAsMaria99 @UCSdw5gtpzlMQ0rMgervcsWg,300K,0.9%,Greece,,90K
75,MAD TV GREECE @UCs3cho4vcDuCze0tk3W9iVQ,299K,-,Greece,,89.7K
76,Ορεινή Μέλισσα @UCMNe8ZwAbRuPnR0K4ler19w,293K,1.1%,Greece,,87.9K
77,Dimitris Michailidis @UCvFWP0O2V96YfJaJqlGhSLA,287K,0.3%,Greece,,86.1K
78,Ακαδημία Υγείας @UCIFhL_BGnJU42OjhsJ_6XPA,286K,0.2%,Greece,,85.8K
79,Siganos Music @UCLtCFl_mwYZ1QCmGxLubTuw,285K,-,Greece,,85.5K
80,NeverLander @UCqvggvs6JUKarFjZ1DARQag,285K,1.7%,Greece,,85.5K
81,Famous Games @UClDuZYG7d353dglnncfg2Pg,284K,1.1%,Greece,,85.2K
82,Maliatsis Tube @UCw0RXjCf-w32E9JtcUTpGbg,282K,1.5%,Greece,,84.6K
83,RythmosTube @UCM6gTuHQmT4KywfL2rtCXOg,281K,-,Greece,,84.3K
84,Kitoons στα ελληνικά @UCNARnDxcidZbvvQNAFoKbFQ,280K,-,Greece,,84K
85,Helena Paparizou @UC-fISqlTEQCDGfaqmze7Z7Q,278K,0.1%,Greece,,83.4K
86,Tsach @UCQ7nBCNFOfUA2tssObHdcSw,276K,-,Greece,,82.8K
87,SONICBOOM 2003 @UCH8upE98FSazja5EKY1Z8MA,276K,-,Greece,,82.8K
88,Radio Arvyla Official @UC1OFMmXk0_d-0dm3Pek9nyQ,274K,-,Greece,,82.2K
89,Robin Skouteris @UCKsIHGeZCceQea325W0XSgg,274K,0.2%,Greece,,82.2K
90,4THECRAFT @UCdzDAXqWKLuQ58zNtxJUZXw,273K,-,Greece,Art,81.9K
91,Konstantina @UCUCJdWP-my8GD2-lpojxsJw,273K,2.2%,Greece,,81.9K
92,Chris Kogias @UC1cDpj_OXMMlpEmWpDbaGsg,272K,4.5%,Greece,,81.6K
93,illneas @UCmqkVC15c3HNTeZckZO0Taw,271K,1%,Greece,,81.3K
94,DAR Animal Rescue @UC-YyKmJ8wnQtN0CegaTUrHA,271K,2.4%,Greece,,81.3K
95,Tsede The Real @tsedethereal,267K,1.3%,Greece,,80.1K
96,Sissy Christidou @UCtn0EuRJdMNMCUlZGSqJlSg,264K,0.5%,Greece,,79.2K
97,Geoxor @UCIPihBzEXYFiYfFwYCwWpKg,263K,14%,Greece,,78.9K
98,Alyx @UCPSE_zyGLO-1-2cQ0Z9n2FA,263K,-,Greece,,78.9K
99,Astronio @UCYhH65nE2M8rGwMWvAlVu2A,263K,-,Greece,,78.9K
100,KingsBandTv @UCBoPISSeOLxmd-6zaVL_SHw,263K,-,Greece,,78.9K
