#,NAME,FOLLOWERS,ER,COUNTRY,TOPIC OF INFLUENCE,POTENTIAL REACH
1,Bindaas Tv - Funny Comedy Stories @UCDgT3ji8WmI8SnoDobzqCHg,3.8M,-,Afghanistan,,1.1M
2,Azmir Recording @UCC0QJFYdd4Wa4_4hlDlYF_g,1.5M,-,Afghanistan,,456K
3,MBC5 @UCVad7F4_ZuILXyBsBj-WEnQ,1.4M,-,Afghanistan,,414K
4,BARONE LOVE FUNK @UC9G7A5Dhfa5f3_xVJqqQDjA,972K,0.4%,Afghanistan,,291.6K
5,India's Funniest Videos @UCt3g98Qvlv7diKWcJy6QR1A,802K,-,Afghanistan,,240.6K
6,LemarTV @UC4TjjoiklE7zMJPN7jEqJGw,767K,-,Afghanistan,,230.1K
7,كومه دي @UCp6tqIJG9dQs2jAaBKQqH_A,648K,0.2%,Afghanistan,,194.4K
8,Wins/Fails Videos @UCdUgq5_GUWyssgoEOMo_rHw,551K,-,Afghanistan,,165.3K
9,Shabake Khanda @UCvF0dhWBERzD6YH296cOVFw,412K,-,Afghanistan,,123.6K
10,LEMBRANÇAS MUSICAIS @UCBFKMv7Y-gjdm0GMi_ql1gA,337K,-,Afghanistan,,101.1K
11,moiegy @UCWUJwemS3xkwrpkW80vQcFg,336K,-,Afghanistan,,100.8K
12,SL Sanda @UCP0c5BYBtfVJ4qJUEYn9pEA,324K,-,Afghanistan,,97.2K
13,DeadLine Music @UCZWwKCj8AZiYz6ZKtmxfQsw,289K,0.9%,Afghanistan,,86.7K
14,Sahara Flash Official @UCJK5_rc-flQfbvGeIRlP3-Q,286K,-,Afghanistan,,85.8K
15,Pashton Plus @UCspIOkfGVZndGDJ7V2K1qPw,217K,-,Afghanistan,,65.1K
16,Watan Click @UCaR9s_3Gw5und85Rw5zaf4w,215K,-,Afghanistan,,64.5K
17,Toot @UCA4TrwbEMjhxOOFC8ho6vJA,183K,-,Afghanistan,,54.9K
18,Ro Dar Ro [Family Feud Afghanistan] @UCGRY8FcPNoRVvv-THQsa0Nw,182K,-,Afghanistan,,54.6K
19,Azadi Radio @UCvpFmIw-T0BH8rn13CPfWlQ,169K,-,Afghanistan,,50.7K
20,KLionVEVO @UCj70UXxfl2Fogw0OgRN-Wag,149K,-,Afghanistan,,44.7K
21,ullash icp @UCTU5aTQxXABbC_rA4ZIDoFA,143K,-,Afghanistan,,42.9K
22,VOA Pashto @UC6RAiJqLwCQgoedNP0a2qiw,138K,-,Afghanistan,,41.4K
23,TOP 5 DARI/دری @UCULyRJJ806zvg4SFhqaF3QQ,133K,-,Afghanistan,,39.9K
24,Tembang Kenangan @UCsPuvzcEB3Am7zZpqRdJeoQ,124K,-,Afghanistan,,37.2K
25,Project Runway @UCH88cPPLV-DUEvH2WXVV_QA,115K,0.2%,Afghanistan,,34.5K
26,Bijoy Study @UCDsGA2aP8u9SSWiZX1WvbRw,108K,-,Afghanistan,,32.4K
27,EL TIO RENTE @UCGXyQUE1s31Qu7hksFiQDsw,99.6K,-,Afghanistan,,29.9K
28,Afghanistan Premier League @UC7SVSIfie8pt1kgMjbUJ_vQ,90K,-,Afghanistan,,27K
29,VOA Dari @UCx8nPzCzHi127J3CkMBrSYg,87K,-,Afghanistan,,26.1K
30,Donia Press @UC8o0hJ5RPX6CFYJBtjcr2Eg,80.6K,-,Afghanistan,,24.2K
31,ARG1880 @UCF_fUrvSVJcLabN9XRRW8kw,80.1K,-,Afghanistan,,24K
32,Netflix Magyarország @UCSvfcIsvn6be03soK4pw2XQ,79K,-,Afghanistan,,23.7K
33,J TECH @UC6nhC29o23pHqftZ-Jp406g,75.1K,-,Afghanistan,Technology,22.5K
34,الآنسة فرح @UC12h3VrpkgVRt00h0N851dw,59.1K,0.8%,Afghanistan,,17.7K
35,YorubaBest Tv @UCrfVFZ6JyBtwIc67ncVbwIg,56.6K,-,Afghanistan,,17K
36,BUNDELKHAND HOME VIDEO @UCjmSL3O8UjurtTs78khjZxg,54.5K,-,Afghanistan,,16.4K
37,Netflix Česká republika @UCYanivSzoiXJcJ1MUOsKVkQ,51.1K,-,Afghanistan,,15.3K
38,Bhojpuri HD Movies @UC78Uaz8qyo-y5pALAPAwKCQ,46.6K,-,Afghanistan,,14K
39,Abdullah Tenin @UCYLociHwuiOP-5TeceJnSxw,46.2K,-,Afghanistan,,13.9K
40,LEGO Masters @UCnGb5xbCV8OKgf-j58n8IoQ,44.9K,-,Afghanistan,,13.5K
41,Afghanistan TV @UCM5scR56vViZ0pmavpYwXqg,41.9K,-,Afghanistan,,12.6K
42,Daily News Tech @UC6_T1FvlEwwmQTb_F_oGI0w,41.6K,0.1%,Afghanistan,,12.5K
43,Good Oldies Song @UCPkX_y0cMktPQ3GrT5RthwQ,39.9K,-,Afghanistan,,12K
44,Afghan Famous @UCv27l1NCVWRHUj4hJbGIH-w,38.8K,-,Afghanistan,,11.6K
45,heratsoftware @UCWMx4MFO4gWlH4dYmlrT0Yg,36.7K,-,Afghanistan,,11K
46,AK47 @UC9mkpqIWie0Dw1nqZ7S_wAg,36.4K,1.7%,Afghanistan,,10.9K
47,Angel & Vario @UCjWSgRIsTxMTpEOb3CsKn9g,36.4K,0.3%,Afghanistan,,10.9K
48,Kabulnews TV @UCgMmFt7mWJ5Ue_hP_-VJG5A,34.4K,-,Afghanistan,,10.3K
49,Farid Bromand @UCzcuLLpwY1M-sanWjtBfeZQ,32.2K,-,Afghanistan,,9.7K
50,Indian Express Bangla @UCpthbAb5DDRfcG68VMn6q0g,27.1K,-,Afghanistan,,8.1K
51,Phy RAk @UCE1O7WsA0H8JSfx2Dbn9OMg,26.9K,-,Afghanistan,,8.1K
52,lil boosty @UChF-9hFpxxiKWNa6pM7Dc3A,26.2K,0.4%,Afghanistan,,7.9K
53,Kabul Media Plus @UCvk0ft9BGaTaXVEoreGVtCQ,25.8K,-,Afghanistan,,7.7K
54,DentalManiaK @UCit_XEO1XMt0WlA_a5Y25ZA,25.2K,-,Afghanistan,,7.6K
55,Xolabaj TV2 @UCGTHibrua-lSpcpGgyBCE9Q,25.1K,-,Afghanistan,,7.5K
56,Chu Diệp Anh @UCPbJYaZBJIDynXNd_Vtqfbg,24.8K,-,Afghanistan,,7.4K
57,Doctor داکتر @UC0qsaOMutKk6VoMi8c45frw,24K,-,Afghanistan,,7.2K
58,Didar Music @UCms9SuykkUS66D2wr3D2G1w,22.7K,-,Afghanistan,Music,6.8K
59,A Erfan @UCLroplcRBhrL_pzKN7pDehQ,19.6K,0.2%,Afghanistan,,5.9K
60,Pashto Entertainment Entertainment @UC5o5At6pto0EYYa0-m3GIiA,19.4K,1.1%,Afghanistan,Celebrity,5.8K
61,Pets Best Fun @UCSe4NsHq9CEwbinTZhH5oEw,18.9K,-,Afghanistan,,5.7K
62,TODAY PTM @UCyAwbVG39nYFTh1RJ8Ag73A,18.9K,-,Afghanistan,Music,5.7K
63,Travel Ethiopia-ጉዞ ኢትዮጵያ @UC3AVLFaRHhJi8TYHXuw6rYg,18.5K,0.2%,Afghanistan,,5.6K
64,Crowleyyyy @UCvaibZQAjLeMnKloRNfIM7A,18.1K,-,Afghanistan,,5.4K
65,Green Swag @UCUbooQPiOb0tvcoC8jQEbvA,17.6K,0.1%,Afghanistan,,5.3K
66,สหพันธรัฐไทใจเดียวกัน @UCafatHX_lK7e5nKKD9fv8lg,17.4K,-,Afghanistan,,5.2K
67,kabir khostwall @UCgeArVN-G7oPaCH8XWiJ-ag,17.2K,0.3%,Afghanistan,,5.2K
68,yeej kim HD1080 @UCaC0gNyPXC1BU0xj0GDH7KA,17K,0.3%,Afghanistan,,5.1K
69,Clavis @UCwOYuwj9e2lFKviz7Ibfspg,16.1K,33.9%,Afghanistan,,4.8K
70,Larawbar.com @UCbGnZAj8xrqEx02UNZlh2_Q,15.4K,-,Afghanistan,,4.6K
71,H.H. @UCldDfGERobpud27NzSohlPg,14.7K,-,Afghanistan,,4.4K
72,کانال ساده ترین آموزشها @UCMRsuS4OuP5MHIJRAHMbUxg,13.9K,-,Afghanistan,,4.2K
73,Pashto Islami @UCzVuHmw6-BcQqXH5W40HORw,13.3K,-,Afghanistan,,4K
74,High Council for National Reconciliation @UCiHoMDXJQboJy1UEN-hBU9A,13.2K,-,Afghanistan,,4K
75,貝拉醬Bella @UCn5iCeeF4nMECDobXb3kFbQ,12.9K,0.6%,Afghanistan,,3.9K
76,iGunvicted @UC6MamwO1MDhVfyeb01XOg5w,12.6K,-,Afghanistan,,3.8K
77,Kamsan Arom @UCKgPS2K6xmsRLIe2w-9iQHg,12.4K,-,Afghanistan,,3.7K
78,Zulfan tube @UCgpxqCBKVSaTlk4MwL7z-pA,12.3K,0.1%,Afghanistan,,3.7K
79,૯υՆ૯Ոςƿɿ૯૭૯Ն @UCZN1eMcGegUw4V3tJ2uHAxQ,12.3K,-,Afghanistan,,3.7K
80,Criadouro Buriti @UCqqYf0hdFIDuXpcrACz6EPg,12K,-,Afghanistan,,3.6K
81,shahram hashemi @UCtajG3ubRg58fmkJ_FWZg2Q,11.5K,0.1%,Afghanistan,,3.5K
82,Farhad Ghafoor @UC1sjfTwyZHjhwh6oSF5Etjg,11.4K,3%,Afghanistan,,3.4K
83,꧁༒☬gobinda masih☬༒꧂ @UCmzGjQcXRzNA3XcXYdDwEtA,11.2K,-,Afghanistan,,3.4K
84,XxDEATH_LORDxX @UCgVHrc1nvk7qF8qp-t-hxJg,10.9K,80.1%,Afghanistan,,3.3K
85,saren music market @UCFzMmvIcgZlyol3SfFofeYQ,10.6K,-,Afghanistan,,3.2K
86,O que será de novo hoje ! Brinquedos resenhas vlogs @UCLjz_XFniaSx1VhP5UObj_w,10.6K,-,Afghanistan,,3.2K
87,San wel @UC3tsD0Zwajp5siNVqwupdvQ,10.4K,-,Afghanistan,,3.1K
88,Turbo Tractors @UCtchLlRh5FCP3nEKFHB4JjQ,10.4K,-,Afghanistan,,3.1K
89,RDX BOYZ MANIKA @UCLCpibvImQdJu68rMmRw-gA,10.3K,0.3%,Afghanistan,,3.1K
90,Dr. Abdullah Abdullah @UCYr6qIfnEVYDTKfUTMDmRSg,10.2K,-,Afghanistan,,3.1K
91,Shaheen Naikpay @UC515LyLO1mkor_qylBt_uyQ,10K,-,Afghanistan,,3K
92,Torialai Waziry @UCVqiXwXu3vxocfUJlX1qRgw,9.8K,-,Afghanistan,,2.9K
93,Dirt Zalgo @UCCVulaGbHLaPJ_dyV7vF0rw,9.7K,-,Afghanistan,,2.9K
94,Real Creators @UCPZ2Ssb2d8kxwaWBYSie6cQ,9.3K,0.2%,Afghanistan,,2.8K
95,SOMBO BMC @UCVi29qCql-2Dl_6xdjz_trQ,9.2K,-,Afghanistan,,2.8K
96,Fox Carp Fishing TV CZ&SK @UCl22B1DgtxuKusXmd5PyyUA,9.2K,0.3%,Afghanistan,,2.7K
97,Mudasir Zamani @UC2Sr4O0Gm1dUn3f3K6dBmbw,9.1K,-,Afghanistan,,2.7K
98,Cragsman @UCxbZoIuCIud_n1pZgZiSL4w,9.1K,-,Afghanistan,,2.7K
99,Angkor Mala @UCEjddKViPwdCLoeg49wrDPw,8.7K,-,Afghanistan,,2.6K
100,sanoorg @UCOdbFr8_L4Ynf94oNbyGKGQ,8.6K,0.1%,Afghanistan,,2.6K
