#,NAME,FOLLOWERS,ER,COUNTRY,TOPIC OF INFLUENCE,POTENTIAL REACH
1,Monsta @monsta,9.7M,-,Malaysia,,2.9M
2,Didi & Friends - Lagu Kanak Kanak @UCr9QW8w8CvVAe3MSWZCAn-Q,6.2M,-,Malaysia,,1.9M
3,Omar & Hana - Lagu Kanak-Kanak Islam @UCiZL26ScfRZDdEAkkPJgJbA,5.5M,-,Malaysia,,1.7M
4,TV3MALAYSIA Official @UCCduNupcztaN9sFrHV-fDIg,5.1M,-,Malaysia,,1.5M
5,Alieff Irfan @UCKCK2lumiYpKfD1aEj4W5vg,4.4M,1.1%,Malaysia,,1.3M
6,Alyssa Dezek @UCWxBI083AvHtbns83XGZmng,4.4M,-,Malaysia,,1.3M
7,AnimaSEA - Monsta @UCyTATeB0ejBMon59igN4tVw,4.4M,-,Malaysia,,1.3M
8,JO Channel @UC6XKMuLChaxW4Isw0BTZI8A,3.5M,0.1%,Malaysia,,1.1M
9,Astro Gempak @UCfztuMBrL9F-KqLZk_SY9TA,3.5M,-,Malaysia,,1.1M
10,EjenAli @UC42ZduLx6o3Nqg04kMuMCEw,3.3M,0.4%,Malaysia,,990K
11,Dr Zakir Naik @UC3YmP7nqf514I1zh1eVbzrA,3.3M,-,Malaysia,,978K
12,Syahmi Sazli @UCqWKZzi070JAbB6Adlvn5Qg,2.7M,0.8%,Malaysia,,819K
13,Rusa Music @UC8f4o4-Sw2KitQR8MkIkSiw,2.5M,-,Malaysia,Music Marketing and Advertising,762K
14,BWF TV @UChh-akEbUM8_6ghGVnJd6cQ,2.4M,-,Malaysia,,708K
15,Kartun Studios @UCORc3AiSF6XYjTZapfvd16w,2.2M,-,Malaysia,,669K
16,Mizanur Rahman Azhari @UCxStLx7yb96MGBfIMo20x7Q,2.2M,-,Malaysia,,654K
17,알렉스티비ALEXTV @UC5gXvwPjvZCCJC18WxIhrWQ,2.1M,-,Malaysia,,639K
18,MSK Movies @UCBQhLER2rVxN2TkSuPfJ6rA,1.9M,-,Malaysia,,576K
19,KiniTV @UC9ULnkwvyofZ_sWrzRpyvrg,1.8M,-,Malaysia,,549K
20,Che Nom @UCDBiRJtU16xo86mgs1E8sUw,1.7M,0.1%,Malaysia,,522K
21,zukiemohamad @UC3kAUGjmfahKlPY5nXZQCRw,1.7M,0.2%,Malaysia,,519K
22,AAC Dream @UCE0rCs4o2LvINT1b0zXsOoQ,1.7M,-,Malaysia,,510K
23,Aqil Zulkiflee @UCPypMJ6WvDh0gEzZvSuaepQ,1.7M,-,Malaysia,,507K
24,Apron @UCgzJrXg7oh7lj-bMC-pzkgw,1.6M,-,Malaysia,,483K
25,Soloz Club @UCC-2ycjovzKIFCDWL667_vw,1.6M,0.1%,Malaysia,,477K
26,Mat Salleh TV @UC-O5RPLXeKJXUzNXwwqIOgw,1.6M,-,Malaysia,,477K
27,VS GAG @UCQ6OQ6CtasN4CVWp99-te4g,1.5M,4.7%,Malaysia,,462K
28,Astro AWANI @UC5dYmq91e5_g54krpO06NJw,1.5M,-,Malaysia,,459K
29,Garena Free Fire MY @UC2u849W-BNFXJUNociHYrqw,1.5M,0.1%,Malaysia,Video Gaming,456K
30,isaac osman @UC3oakjNkEifPK4okSCHojJw,1.5M,0.3%,Malaysia,,453K
31,SuriaRecordsSRC @UCBd5pENmJrvi6PQq-2ndBhw,1.5M,-,Malaysia,,447K
32,Buletin TV3 @UC2p8wkJVSjsMsRv0MjTikgA,1.5M,-,Malaysia,,435K
33,DarkTaurus @UCAxs7QxI2-EYCU0tFxP6H0A,1.5M,-,Malaysia,,435K
34,ROBE CUBE @UC1XCtbAz-xspe8CR5_DtUpg,1.4M,0.1%,Malaysia,,423K
35,ML Studios @UCSkOqbajcG6-jguycOHzhDg,1.4M,-,Malaysia,,417K
36,Ustaz Azhar Idrus Official @UC-eO7wPzP75WCJCh-LT5P3Q,1.4M,-,Malaysia,,408K
37,腦洞大開 @UCAOpjqvqfnkIsLGhGrxXWGg,1.3M,-,Malaysia,,387K
38,Astro Ceria @UC-ayAWMY0fxyE62CW7boFsQ,1.3M,-,Malaysia,,384K
39,Bella Khann @UCpLCJhBGDn9AHzQvd7OHO8w,1.3M,0.4%,Malaysia,,384K
40,Nakul Kumar Biswas @UCtt3BbGC__TpAwREWh4modg,1.3M,-,Malaysia,,384K
41,Kupi Kupi GO @UCtvuPDDtHrkpQwpkankLW6A,1.3M,0.3%,Malaysia,,375K
42,ASAD HAGIO 27 @UCEQ0SYzCxhhp_QHAqEETKfg,1.2M,-,Malaysia,,363K
43,Laowu老吳 @UCyUZg_cPAg1-QjPHKJu20ZA,1.2M,-,Malaysia,,363K
44,Jeff & Inthira @UCdFMeayF4c0cWvbHQomc6BA,1.2M,-,Malaysia,,357K
45,Syafiq Aiman @UC0_j7SdW18oR5UqDRHf67WA,1.2M,-,Malaysia,,354K
46,Abu Khadijah @UC5uekIwJ2N-M3P8ewfIf7Cw,1.2M,-,Malaysia,,351K
47,Omar & Hana - Islamic Cartoons for Kids @UC178EmfQAV3OT-UpuO6WUMg,1.2M,-,Malaysia,,351K
48,PrinceMeed LIVE! @UCrBGLstQskCRQqds4Ir65KA,1.1M,-,Malaysia,,342K
49,JinnyboyTV @UCMG7DKIrpZoJlRLqYe9NtQg,1.1M,-,Malaysia,,342K
50,Bryson Lew 刘铠翔 @UCDLCgHxSHGMUxOcbeJpuzsw,1.1M,0.7%,Malaysia,,339K
51,AZFAR BADRUL @UCX_YgHsAED46ZgMdDanPDKA,1.1M,-,Malaysia,,330K
52,Siti Nurhaliza @UCQ6Zv5O57OuG9y3WIbnCHSQ,1.1M,0.1%,Malaysia,,321K
53,Heaven 2015 @UCexKVihPR8aDBMzWFHPq0zQ,1.1M,-,Malaysia,Music News,321K
54,Bellestrelle @UC_1KEFPUC8J_Ybq_BRhfB7A,1.1M,1.9%,Malaysia,,318K
55,BabYzzz @UCT-DlEtp9Mx2FGSoRw8JIjg,1.1M,-,Malaysia,,315K
56,SYEDOT ASMR @UCRh5jRONhWfbhWl-Dhb8Fjg,1M,0.2%,Malaysia,,309K
57,Pyae Sone Ent @UCgn8iYHehyykNh3bSiCw60A,1M,-,Malaysia,,309K
58,Banden @UCt4IJhr0lEpYCT6RHNnVRkQ,1M,0.3%,Malaysia,,300K
59,Penjahat Soldier @UCC9kjU_-cvX_4Vm-LGrm_iw,1M,0.1%,Malaysia,,300K
60,Dumpling Soda @UCI0i7CaDK2KVuwLE1zYhuTQ,1M,-,Malaysia,,300K
61,changyong @UC0KD8LvHG4CgohsRZzzCQSw,997K,0.4%,Malaysia,Travel,299.1K
62,Galeri Kereta @UC4-aHXXwfw6PVIR3_fThOtA,996K,-,Malaysia,,298.8K
63,mStar Online Malaysia @UCvGK5qm1S-cjzV2YSmMmgFg,983K,-,Malaysia,Celebrity,294.9K
64,Shuib Channel @UCwJ68yJ2MPqKw4FZV4K8Lkg,941K,-,Malaysia,,282.3K
65,Better Leaf 好葉 @UChjHWpmNm-3HbLFkQ3TPXaA,910K,-,Malaysia,,273K
66,Asyraf Rozami @UCpwfdp-kqQRVOo7j-qcN71w,908K,0.6%,Malaysia,,272.4K
67,DD.W Channel達玲 @UCsZKdvt4K37kqgJ9p4nS6iA,869K,0.2%,Malaysia,,260.7K
68,MrKokom @UCLKaIoL5HOiKaLIQLAVeclw,866K,-,Malaysia,,259.8K
69,ArimaHeena @UCc59py21W-sEhXgXVHnDZ0w,865K,1.8%,Malaysia,Celebrity Photography,259.5K
70,OOHAMI @oohamii,863K,0.8%,Malaysia,,258.9K
71,IBPStudiosMY @UCKZvwYhxUjM_YxtMF5LpmRA,861K,-,Malaysia,Music,258.3K
72,Kafaym ab @UCHfcBEBnib9QSmFjJ0a0FlQ,859K,-,Malaysia,,257.7K
73,Warner Music Malaysia @UCg_TCq59-vedX9R9iHl-avQ,858K,-,Malaysia,,257.4K
74,Blimey 블라이미 @UCvJ4XcL0YnybHu4Er9LZGGw,840K,-,Malaysia,,252K
75,Kathrine Kwa @UChcB3_gYZR2ps0vHiHOpNrQ,833K,-,Malaysia,,249.9K
76,Sugu Pavithra @UC7mNwREuYU-Bc8glCdFwQ_A,828K,-,Malaysia,,248.4K
77,Bahiyya Haneesa Official @UCsW4P_BDlFgBdMjNEo-y07g,819K,-,Malaysia,,245.7K
78,Ar-RahmanTV @UCLaOzRx6H4hr9XKDzMc92SA,806K,-,Malaysia,,241.8K
79,K-Clique @UC-4cb5KJVscT7-L89ItmvNg,802K,-,Malaysia,,240.6K
80,維思維WeisWay @UCcU6CC2Gkc18aBUfEtdjaAA,792K,1.6%,Malaysia,,237.6K
81,KFCMalaysia @UC_WO5qVTP17lUkp1Q8eAdNw,785K,-,Malaysia,,235.5K
82,BumBum @UCBwF92MfzMXhOoEkxsKPqrA,779K,15.7%,Malaysia,,233.7K
83,AR Vlogs @UC8vJJyqagckRR_y7Inn-fhA,770K,1.1%,Malaysia,,231K
84,Nigel Chia @UCiOfJPm4Aruy563ncdqrFrA,758K,1.7%,Malaysia,,227.4K
85,阿源Iven Lee @UCCO9MNmb4eUGlKu4VpcS2Ag,757K,0.2%,Malaysia,,227.1K
86,DURIAN MERAH @UCht6SyEpw69cNVeBpb_kB1w,748K,0.1%,Malaysia,,224.4K
87,Pok Ro @pokro,745K,0.9%,Malaysia,,223.5K
88,Danny_AhBoy [CHANNEL] @UCR6fi-DZPXv3TzZz3TvnwUw,743K,0.1%,Malaysia,Music,222.9K
89,Jamilkucing TV @UCfjA33ppnwIjwG4UJyozHqg,732K,-,Malaysia,,219.6K
90,Akiddos @UCKh1TuNXvz4m6_ETKyG6ChQ,730K,-,Malaysia,,219K
91,培永 Phei Yong @UC8gd0wXqCbu9k9Nz7_h7g9w,729K,-,Malaysia,,218.7K
92,Syazwan fahmi @UCapRxvBa11rJSmeICwsAdig,728K,0.8%,Malaysia,,218.4K
93,unifi @UCIwyESkw2cF4zqXC-a5_6Hg,726K,0.6%,Malaysia,,217.8K
94,vision VFX @UCjHfPDF1QPY6jkoTOrbLD0A,724K,2.5%,Malaysia,,217.2K
95,Mr Unknown @UCHOF8vwIxElla_vw-N7aRCg,708K,-,Malaysia,,212.4K
96,Buat Orang Lapo @UCdwV3w30mxpgm-M39JBxslA,707K,0.1%,Malaysia,,212.1K
97,Seventeen Eleven Music @UCN1M7VNTCmGvjD_eFx-SPYw,704K,0.1%,Malaysia,,211.2K
98,mekanika malaysia @UCW_a5QtfMwZ5gNBhgXBdscQ,690K,0.2%,Malaysia,,207K
99,老王頻道 @UCtb0R8m8xgS2C_6b3S_xLHA,682K,-,Malaysia,,204.6K
100,Inteam Digital @UCOrEH-SzmP_Nmipsk0yfzMg,681K,-,Malaysia,,204.3K
