#,NAME,FOLLOWERS,ER,COUNTRY,TOPIC OF INFLUENCE,POTENTIAL REACH
1,Carlos lopez portillo @lopeztips53,108.1K,0.29%,El Salvador,Education,32.4K
2,Elsy Guevara @elsyguevara,39.8K,1.36%,El Salvador,Fashion & Accessories,11.9K
3,Sebastian Melrose @sebmelrose,25.5K,0.42%,El Salvador,Auto and Vehicles Outdoor Activity Sports,7.7K
4,No Seas Maje @noseasmajesv,24.1K,2.29%,El Salvador,,7.2K
5,¡Las Mejores Frases! @amoresdeparejas,18.2K,0.3%,El Salvador,Romance & Wedding,5.4K
6,@lorenmenjivar,18K,0.37%,El Salvador,News & Politics,5.4K
7,Paola Castaneda @paolblog,16.3K,1.26%,El Salvador,Travel,4.9K
8,Alejandra Bernal @_alebernal,16.2K,0.34%,El Salvador,Beauty & Self Care,4.8K
9,laprensagrafica @laprensagrafica,13K,0.21%,El Salvador,News Media,3.9K
10,Silvia Santamaria @tutysantamaria,12.6K,0.26%,El Salvador,family Pets,3.8K
11,Curly Velasquez @thecurlyvshow,12.2K,0.44%,El Salvador,Beauty & Self Care Entertainment & Music,3.7K
12,Noticias 4Visión @noticias4visiontcs,11K,-,El Salvador,News,3.3K
13,Sivar Cuisine • FOODIES @sivarcuisine,10.8K,0.25%,El Salvador,Food,3.2K
14,July Escobar Ruano @july.escobarr,10.2K,0.38%,El Salvador,Beauty & Self Care Fashion & Accessories,3.1K
15,Buffalo Wings® - El Salvador @buffalowingselsalvador,10.1K,0.5%,El Salvador,Food,3K
16,Paola Viale @paolaaviale,9.6K,0.45%,El Salvador,Fitness & Health,2.9K
17,El Tío @tionayib,9.6K,1.44%,El Salvador,Entertainment & Music,2.9K
18,Brenda Contreras Gutiérrez @brendacontreras9,9.5K,0.33%,El Salvador,Finance family,2.9K
19,Paola Orantes @paolaorantessv,9.4K,0.51%,El Salvador,News & Politics Entertainment & Music,2.8K
20,Descubre El Salvador @descubreelsalvador,9.3K,0.53%,El Salvador,Travel,2.8K
21,Ely Recinos @elyrecinos,8.9K,0.31%,El Salvador,Entertainment & Music family Fitness & Health,2.7K
22,El Gráfico @elgraficionado,8.8K,0.42%,El Salvador,Sports,2.6K
23,TODO MOTOR Latinoamérica @todomotorsv,8.2K,0.27%,El Salvador,Auto and Vehicles,2.5K
24,Carlos Barrientos @carlos_svpro,7.5K,0.47%,El Salvador,Travel Filmmaking Photography,2.2K
25,Lucy Moreno | Online Fitness Coach @lucymfit,7.3K,0.37%,El Salvador,,2.2K
26,Katherine Leveron♥ @kimy_leveron,7.3K,2.65%,El Salvador,Lifestyle,2.2K
27,Noticiero Hechos @noticierohechos,6.6K,0.14%,El Salvador,News & Politics,2K
28,Elisa Hernández @elisa_hl,6.1K,0.31%,El Salvador,Entertainment & Music,1.8K
29,Eden Levine @eden__levine,5.8K,1.44%,El Salvador,Beauty & Self Care Travel Fashion & Accessories Fitness & Health,1.7K
30,Alberto J @aj_pixels,5.8K,0.71%,El Salvador,Photography Product Showcase,1.7K
31,Stephanie Del Cid @stephaniedelcidtv,5.5K,1.87%,El Salvador,Entertainment & Music,1.6K
32,El Salvador - Cipotes @cipotes,5.4K,1.47%,El Salvador,Funny Life & Society Product Showcase,1.6K
33,Alba Delgado @albadelgadotv,5.3K,0.11%,El Salvador,,1.6K
34,Alexlarin @alexlarin14,5.2K,1.06%,El Salvador,Sports,1.6K
35,Andrea Mariona de Flores @andrea_mariona,4.8K,0.69%,El Salvador,Entertainment & Music Life & Society,1.4K
36,Victor Carty @bycarty,4.4K,2.91%,El Salvador,Education Entertainment & Music,1.3K
37,Célida Magaña @celidamagana,4.3K,0.59%,El Salvador,News family Philanthropy,1.3K
38,Marlon Steven Amaya @marlonstevenamaya,4.2K,0.62%,El Salvador,Entertainment & Music,1.3K
39,Laura Issela @lauraisssela,4K,0.29%,El Salvador,Entertainment & Music,1.2K
40,𝐓𝐡𝐞 𝐌𝐨𝐮𝐬𝐭𝐚𝐜𝐡𝐞 | Barberia @themoustachesv,4K,0.17%,El Salvador,Beauty & Self Care,1.2K
41,Esme @esmebaires_,3.8K,0.67%,El Salvador,TV Host Education,1.1K
42,Roberto Cañas Wedding Photo @robertocanasphoto,3.5K,0.46%,El Salvador,Photography Romance & Wedding,1.1K
43,FRĒDA SALVADOR @fredasalvador,3.4K,-,El Salvador,Fashion & Accessories,1K
44,berenice_abrego @berenice_abrego,3.4K,1.34%,El Salvador,Beauty & Self Care,1K
45,Camila Peña 🌴 @chataps,3.2K,0.65%,El Salvador,,972
46,Hola El Salvador @holaelsalvador_12,3.1K,0.36%,El Salvador,News & Politics,942
47,El Blog @elblogcom,3K,0.01%,El Salvador,Education,888
48,¡𝙇𝙇á𝙢𝙖𝙢𝙚 𝙀𝙙𝙬𝙞𝙣 𝙤 𝘾𝙤𝙣𝙛𝙚𝙨𝙞𝙤𝙣𝙚𝙨! 🎬 @confesiones_de_famososof,3K,0.24%,El Salvador,Entertainment & Music Life & Society,885
49,Graciela Rajo 💫 @graciela_rajo,2.8K,0.77%,El Salvador,Entertainment & Music,837
50,Ana Cortez @ana_cortez7,2.6K,0.18%,El Salvador,Acting & Drama Fashion & Accessories,792
51,T H R A Z O @thrazo,2.6K,0.63%,El Salvador,Arts & Crafts,774
52,Fany Sanchez @fanyasanchez,2.3K,0.26%,El Salvador,Life & Society,699
53,Tigo El Salvador @tigoelsalvador,2.3K,0.52%,El Salvador,Product Education,696
54,Caminito @caminitosv,2.3K,0.04%,El Salvador,Food,690
55,Dra. Graciela Ayala @gracielaayalao,2.3K,0.12%,El Salvador,Fashion & Accessories Fitness & Health,681
56,🌺 Y O L A N D A C O L O N GUZMAN 🌺 @yosoyyolypr,2.3K,0.45%,El Salvador,Travel Education Funny Language & Culture,678
57,𝕭𝖊𝖗𝖓𝖆𝖑🤍 @daniela.flores_,2.2K,0.38%,El Salvador,,672
58,Tigo Sports El Salvador @tigosportssv,2.2K,0.35%,El Salvador,Sports Entertainment & Music,648
59,Veinte y Tantos® @veinteytantos,2K,0.32%,El Salvador,Fashion & Accessories Beauty & Self Care Entrepreneurship Life & Society,609
60,JD FIALLOS SAADE @fiallosjd,2K,0.88%,El Salvador,Arts & Crafts Education,606
61,Fátima Cuéllar @fatimacuellar7,2K,-,El Salvador,Entertainment & Music,594
62,Trini✨ @triniumana,1.9K,-,El Salvador,Education Upskilling,579
63,Butter @butter_sv,1.9K,0.03%,El Salvador,Food Product Showcase,576
64,Johnny Wright Sol @johnnywsol,1.9K,-,El Salvador,Education,567
65,M A F E R S A L I N A S 🇸🇻📍 @maferrsalinas,1.9K,2.05%,El Salvador,Entertainment & Music,564
66,Roberto Berganza @robertowashere,1.8K,0.33%,El Salvador,,549
67,GAMA @gamalier_es,1.7K,0.13%,El Salvador,Entertainment & Music,516
68,Crista Patiño @cristapatino,1.7K,-,El Salvador,Beauty & Self Care,507
69,Roberto Menéndez @chefrobertomenendez,1.5K,0.35%,El Salvador,Food,459
70,Pop 12 @pop12tv,1.4K,0.33%,El Salvador,Entertainment & Music,408
71,Karli✨ @trendingbrandssv,1.3K,0.38%,El Salvador,Pets Beauty & Self Care,402
72,Annas Travel @annastravel,1.3K,0.08%,El Salvador,Travel,396
73,Luciana Sandoval @lucianasandovalsv,1.3K,1.42%,El Salvador,Fashion & Accessories Education,390
74,Batu El Salvaje🌋 @batuelsalvaje,1.3K,3.99%,El Salvador,Entertainment & Music,387
75,M E I K O @majoescobar.sv,1.2K,-,El Salvador,Fashion & Accessories,369
76,Las Molinas @lasmolinas,1.2K,0.06%,El Salvador,Fashion & Accessories,363
77,Iliana Herrera @ilianaherrera,1.2K,0.48%,El Salvador,Outdoor Activity Fitness & Health,351
78,Pamela Zelaya @pameezelaya,1.2K,0.57%,El Salvador,Entertainment & Music,348
79,UnaTalYenny💜 @unatalyenny,1.1K,1.1%,El Salvador,Education Fashion & Accessories,333
80,Idubina Rivas @idubinarivas,1.1K,0.17%,El Salvador,Travel,327
81,Hotel Los Farallones @hotel_losfarallones,1.1K,-,El Salvador,Travel,315
82,Maria Elena Viera @yumyumfeast,1K,0.84%,El Salvador,Food,303
