#,NAME,FOLLOWERS,ER,COUNTRY,TOPIC OF INFLUENCE,POTENTIAL REACH
1,Netflix India @netflix_in,844.7K,0.96%,India,Entertainment & Music,253.4K
2,RVCJ Media @rvcjinsta,804.8K,0.09%,India,Entertainment & Music Product Showcase,241.5K
3,𝑨𝒋𝒆𝒚 𝑵𝒂𝒈𝒂𝒓 @carryminati,801.2K,2.8%,India,Entertainment & Music,240.4K
4,Ashish Chanchlani @ashishchanchlani,787K,0.18%,India,Entertainment & Music Funny,236.1K
5,MC STΔN 💔 @m___c___stan,556.6K,2.56%,India,Entertainment & Music Fashion & Accessories,167K
6,Instant Bollywood @instantbollywood,556.3K,0.45%,India,Entertainment & Music,166.9K
7,Suresh Raina @sureshraina3,534.2K,1.05%,India,Sports,160.3K
8,Royal Challengers Bangalore @royalchallengersbangalore,530.1K,0.97%,India,Sports,159K
9,Rishabh Pant @rishabpant,516.7K,1.68%,India,Sports,155K
10,DILJIT DOSANJH @diljitdosanjh,497K,0.92%,India,Entertainment & Music,149.1K
11,Mumbai Indians @mumbaiindians,418.4K,-,India,Sports,125.5K
12,Gaur Gopal das @gaurgopaldas,401.8K,0.65%,India,Education Upskilling Fitness & Health,120.5K
13,F I L M Y G Y A N @filmygyan,393.4K,0.5%,India,Entertainment & Music,118K
14,Neha Sharma 💫 @nehasharmaofficial,352K,0.48%,India,Fashion & Accessories Food Arts & Crafts Acting & Drama,105.6K
15,Viral Bhayani @viralbhayani,326.7K,0.38%,India,Entertainment & Music Arts & Crafts Photography,98K
16,Harsh KUKKU Beniwal @harshbeniwal,312.6K,1.1%,India,Entertainment & Music Funny,93.8K
17,Mohanlal @mohanlal,302.3K,-,India,Entertainment & Music,90.7K
18,Prajakta Koli @mostlysane,270.3K,0.74%,India,Entertainment & Music,81.1K
19,Kusha Kapila @kushakapila,269.9K,0.45%,India,Entertainment & Music,81K
20,India’s Youth & Fitness IC⭕️N @sahilkhan,267.4K,0.32%,India,Fitness & Health Product Education,80.2K
21,Shilpa Sethi @ms.sethii,259.5K,1.02%,India,Fashion & Accessories,77.9K
22,India Royale @indiaroyale,230.7K,-,India,Fashion & Accessories,69.2K
23,Rajasthan Royals @rajasthanroyals,217.3K,0.55%,India,Sports,65.2K
24,Vijay Television @vijaytelevision,216.7K,-,India,Entertainment & Music,65K
25,Surbhi Jyoti @surbhijyoti,210.7K,0.77%,India,Acting & Drama Entertainment & Music,63.2K
26,Siddharth Nigam @thesiddharthnigam,210.6K,1.03%,India,Entertainment & Music Sports,63.2K
27,Filmfare @filmfare,200.6K,0.13%,India,Entertainment & Music,60.2K
28,Kerala Blasters FC @keralablasters,195.9K,0.92%,India,Sports,58.8K
29,Payal Gaming @payalgamingg,194.5K,2.71%,India,Games Business,58.3K
30,Ashwin @rashwin99,190.5K,1.18%,India,Sports,57.1K
31,Tony Kakkar @tonykakkar,180.9K,0.62%,India,Entertainment & Music,54.3K
32,Ranveer Allahbadia @beerbiceps,179.2K,0.79%,India,Outdoor Activity Entertainment & Music,53.7K
33,Anveshi Jain @anveshi25,176.5K,0.41%,India,Entertainment & Music,52.9K
34,The Tatva @thetatvaindia,176.3K,0.61%,India,Education Entertainment & Music News Life & Society,52.9K
35,Faye D’Souza @fayedsouza,173.9K,0.2%,India,Education Life & Society,52.2K
36,Naman Deshmukh @techplusgadgets,169.2K,0.18%,India,Product Education,50.8K
37,Zareen Khan 🦄🌈✨👼🏻 @zareenkhan,167.6K,0.24%,India,Entertainment & Music Fashion & Accessories Beauty & Self Care,50.3K
38,The Economic Times @the_economic_times,166.5K,0.11%,India,Finance,49.9K
39,Adnaan Shaikh @adnaan_07dz,155.1K,1.14%,India,Fitness & Health,46.5K
40,Indian Football @indianfootball,152.8K,0.99%,India,Sports,45.8K
41,Bhuvneshwar Kumar @imbhuvi,146K,3.87%,India,Sports,43.8K
42,Ashnoor Kaur @ashnoorkaur,143.4K,0.75%,India,,43K
43,DIVINE @vivianakadivine,140.8K,2.59%,India,Entertainment & Music,42.2K
44,Raj Shamani @rajshamani,139.8K,0.47%,India,Finance Education Upskilling Success & Motivation,41.9K
45,The Hindu @the_hindu,139K,0.05%,India,News & Politics,41.7K
46,Viraj Ghelani @viraj_ghelani,138.4K,0.7%,India,Entertainment & Music,41.5K
47,Indian Super League @indiansuperleague,131.6K,0.7%,India,Sports Entertainment & Music,39.5K
48,Sun Music @sunmusic_offl,131.5K,0.14%,India,Entertainment & Music,39.4K
49,ALOK @alokvmenon,126.5K,1.37%,India,Education,38K
50,Noorin Shereef @noorin_shereef_,126.3K,0.55%,India,Acting & Drama Entertainment & Music,37.9K
51,Angel Rai :) @angelrai07,125.9K,2.16%,India,Entertainment & Music,37.8K
52,The Indian Idiot @theindianidiot,123.7K,0.82%,India,Education Entertainment & Music Life & Society Funny,37.1K
53,Anju Kurian (Ju) @anjutk10,120.2K,2.01%,India,Fitness & Health Travel,36.1K
54,Yash 🔱⭐️🌙 @yashikaaannand,118K,0.9%,India,Entertainment & Music family,35.4K
55,𝑆𝑢𝑛𝑎𝑛𝑑𝑎 𝑆ℎ𝑎𝑟𝑚𝑎 ਸੁਨੰਦਾ ਸ਼ਰਮਾਂ @sunanda_ss,116.6K,1.67%,India,Entertainment & Music,35K
56,Nikhil sharma @nikkkhil,116.5K,1.11%,India,Education Entertainment & Music,34.9K
57,Gurudev Sri Sri Ravi Shankar @srisriravishankar,115.8K,0.45%,India,Education,34.7K
58,Ankush Bahuguna @ankushbahuguna,114.5K,0.41%,India,Funny,34.3K
59,Yash Raj Films @yrf,112.5K,0.43%,India,Entertainment & Music,33.8K
60,Physics Wallah (PW) @physicswallah,111.2K,1.16%,India,Education,33.4K
61,Circle of Cricket @circleofcricket,110.3K,0.09%,India,Sports,33.1K
62,Aakash Chopra @cricketaakash,108.2K,0.72%,India,Sports Education,32.5K
63,@rj.mahvash,106.7K,0.52%,India,Entertainment & Music Politics & Society,32K
64,Shurufit India 🇮🇳 @shuru_100,105.6K,0.11%,India,Fitness & Health,31.7K
65,Tulsi Kumar 🧿 #TrulyKonnected #BoloNa @tulsikumar15,105.3K,1.11%,India,Entertainment & Music,31.6K
66,Congress @incindia,104.1K,1.72%,India,Politics Education,31.2K
67,Dr. Tanaya | Millennial Doctor @dr_cuterus,102.5K,0.18%,India,Education Health & Fitness,30.7K
68,Manav Manglani @manav.manglani,101.6K,0.57%,India,Entertainment & Music,30.5K
69,Devdutt Padikkal @devpadikkal19,101.3K,5.87%,India,Sports,30.4K
70,National Geographic India @natgeoindia,100.8K,-,India,Nature,30.2K
71,Wasim Ahmad @wasim.r2h,100.7K,1.85%,India,Entertainment & Music,30.2K
72,Mankirt Aulakh (ਔਲਖ) @mankirtaulakh,99.1K,2.58%,India,Entertainment & Music,29.7K
73,Payal Rajput ⭐️ ♾ @rajputpaayal,98.6K,0.27%,India,Fashion & Accessories,29.6K
74,PRINCE YUVIKA NARULA ❤️❤️❤️ @princenarula,96.9K,1.19%,India,Entertainment & Music Romance & Wedding,29.1K
75,Nykaa @mynykaa,94.9K,0.47%,India,Beauty & Self Care,28.5K
76,BJP - Bharatiya Janata Party @bjp4india,94.8K,0.46%,India,Politics,28.5K
77,TSP | The Screen Patti @thescreenpatti,94.5K,0.2%,India,Entertainment & Music Funny,28.3K
78,Ritika Singh @ritika_offl,93.8K,-,India,Fitness & Health Acting & Drama,28.1K
79,Gouri G Kishan @gourigkofficial,93.6K,-,India,Nature,28.1K
80,Nehhaa Malik @nehamalik335,91.1K,0.59%,India,Fashion & Accessories,27.3K
81,Suhani Shah @thesuhanishah,89.9K,0.53%,India,Entertainment & Music,27K
82,UNICEF India @unicefindia,88.8K,0.16%,India,Education Charity,26.6K
83,SheThePeople @shethepeopletv,88.4K,0.18%,India,Women's Empowerment News & Politics,26.5K
84,Gurmeet Choudhary @guruchoudhary,86.4K,0.55%,India,Acting & Drama,25.9K
85,People of India @officialpeopleofindia,84.1K,0.1%,India,Education Life & Society,25.2K
86,𝗚𝗶𝗽𝗽𝘆 𝗚𝗿𝗲𝘄𝗮𝗹 @gippygrewal,83.8K,0.38%,India,Entertainment & Music,25.2K
87,Varun Sood @varunsood12,80.8K,0.4%,India,Acting & Drama,24.2K
88,Rujuta Diwekar @rujuta.diwekar,79.8K,0.36%,India,Fitness & Health Food,23.9K
89,Vikas Khanna @vikaskhannagroup,79.8K,0.22%,India,Food,23.9K
90,Gayatri Bhardwaj @gayatribhardwaj__,79.5K,2.15%,India,Travel Fashion & Accessories Entertainment & Music,23.9K
91,Vir Das @virdas,79.3K,0.37%,India,Entertainment & Music,23.8K
92,SAINA NEHWAL @nehwalsaina,78.1K,0.66%,India,Sports,23.4K
93,Think Music India @thinkmusicofficial,77.8K,0.45%,India,Entertainment & Music,23.3K
94,Stock Market Times @stockmarket_times,77.3K,0.27%,India,Finance,23.2K
95,Dr Heli Daruwalla @heli_daruwala,77.1K,0.59%,India,Entertainment & Music Health & Fitness Food,23.1K
96,Neetu L Bisht @iam_neetubisht_,77.1K,0.99%,India,Entertainment & Music,23.1K
97,Chennai Memes @chennaimemes,75.2K,0.1%,India,Entertainment & Music Funny,22.6K
98,Kritika Khurana @thatbohogirl,74.7K,0.84%,India,Fashion & Accessories,22.4K
99,TANIA @taniazworld,74.6K,2.21%,India,Fashion & Accessories Beauty & Self Care,22.4K
100,Discovery Channel India @discoverychannelin,72.5K,0.17%,India,Entertainment & Music,21.7K
