#,NAME,FOLLOWERS,ER,COUNTRY,TOPIC OF INFLUENCE,POTENTIAL REACH
1,Dee @deestroying,2.5M,9.06%,Costa Rica,Entertainment and Music Sports Life and Society Soccer,757.6K
2,BRENDA KELLERMAN @brenda_kellerman,1.6M,0.25%,Costa Rica,Celebrity Actors,485.2K
3,SAVANNAH MONTANO @savmontano,1.6M,8.74%,Costa Rica,Modeling Fashion,484.3K
4,Grecia 🌊🎙️ @grecia,1.5M,0.94%,Costa Rica,Food Business and Finance Music Actors,455.1K
5,Laura Marcela De León Céspedes @lauradeleonc,1.5M,0.6%,Costa Rica,Entertainment and Music Fashion and Accessories Actors Journalists,443.6K
6,Millions | Manifesting | Magic @reganhillyer,1.1M,1.29%,Costa Rica,Education Finance Business and Finance Celebrity,330.9K
7,ROSARIO @alejandrosario,1M,4.88%,Costa Rica,,304.6K
8,Melissa Mora 🇨🇷 @melissamoraoficial,1M,0.19%,Costa Rica,Entertainment and Music Fashion and Accessories Actors Modeling,300.1K
9,Costa @costaokis,872.1K,0.22%,Costa Rica,Entertainment and Music Acting and Drama Marketing and Advertising Actors,261.6K
10,DARIANKA @darianka,857.6K,2.62%,Costa Rica,Fashion and Accessories Lifestyle Modeling,257.3K
11,𝑲𝒆𝒚𝒍𝒂 𝑺𝒂𝒏𝒄𝒉𝒆𝒛 @keysg,850.6K,1.17%,Costa Rica,Fashion and Accessories family Marketing and Advertising Actors,255.2K
12,María José Naranjo @majonaranjo27,643K,0.78%,Costa Rica,Beauty and Self Care Actors Virtualization,192.9K
13,Johanna Solano @johasolano,642.5K,1.29%,Costa Rica,Outdoor Activity Fitness and Health Animals Actors,192.7K
14,Santiago Saez @santiagosaez_,601K,2.38%,Costa Rica,Entertainment and Music Actors Music,180.3K
15,@andreasua00,594.9K,0.2%,Costa Rica,,178.5K
16,Karla Allen @karlaallenn,587.4K,0.2%,Costa Rica,Travel Fashion Photography,176.2K
17,Natalia Rodríguez @natyrodriguezcr,587.4K,0.32%,Costa Rica,Entertainment and Music Actors Virtualization Journalists,176.2K
18,Raquel 506 @raquel506,568.2K,0.81%,Costa Rica,Entertainment and Music Fashion and Accessories Actors,170.5K
19,Nancy Dobles @nandobles,555.3K,0.5%,Costa Rica,Television Actors Journalists Modeling,166.6K
20,𝐌𝐮𝐬𝐢𝐜𝐚 𝐂𝐫𝐢𝐬𝐭𝐢𝐚𝐧𝐚 𝐏𝐥𝐚𝐲 @musicacristiana.play,553.3K,0.22%,Costa Rica,News Music Singer Actors,166K
21,M O N T E S @montesleon,545.8K,2.03%,Costa Rica,,163.8K
22,Coto Hernández @cotocostarica,540.4K,0.6%,Costa Rica,Travel Actors Modeling,162.1K
23,القطر🚂 @ameen.khattab.official,513.4K,1.4%,Costa Rica,Music,154K
24,Jale Berahimi ♊️ @jaleberahimi,496.2K,0.39%,Costa Rica,Fashion and Accessories Bikini Actors,148.9K
25,TD Más @tdmas_cr,490.9K,0.42%,Costa Rica,Sports Actors,147.3K
26,Photographer. PETER MEDIA© @peter_media_wildlife,487.7K,2.23%,Costa Rica,Photography,146.3K
27,Deportivo Saprissa @deportivo_saprissa,473.4K,2.61%,Costa Rica,Sports Soccer Actors,142K
28,∇I∇IΔΠΔ CΔLDΣRóΠ @vivilutheoriginal,470.7K,0.27%,Costa Rica,Nature Animals Actors,141.2K
29,Ana Lucía Vega 🇨🇷 @analuvega29,456.6K,0.81%,Costa Rica,Fitness,137K
30,Jefferson Kellerman @jeffkellerman,447.3K,0.29%,Costa Rica,Fitness and Health Outdoor Activity Actors,134.2K
31,Melissa Diakova @memekova,444.8K,1.56%,Costa Rica,Arts and Crafts Sports Celebrity Actors,133.4K
32,🦊Nicholas Coolridge @moderntarzan,426.7K,2.76%,Costa Rica,Fitness and Health Outdoor Activity Health & Fitness,128K
33,El libre pensador @utopia_pensante,424.6K,0.6%,Costa Rica,,127.4K
34,Marcela Negrini🦋🇨🇷 @marcenegrini,408.2K,0.36%,Costa Rica,Fitness and Health Actors Modeling Public Figure,122.5K
35,Giovanna Silvestre @confusedgirlla,404.8K,0.31%,Costa Rica,Fashion and Accessories Actors Yoga Soul,121.4K
36,Fili Wey @filifiliwey,394.2K,1.31%,Costa Rica,Entertainment and Music Actors,118.3K
37,Grecia @itsgrecia2,381.8K,2.7%,Costa Rica,Food,114.5K
38,Kim Loaiza @kimloaiza,373.4K,1.4%,Costa Rica,Fashion and Accessories Travel Entertainment and Music Business and Finance,112K
39,Glenda Peraza 🦋 @glendaperaza,366.4K,0.78%,Costa Rica,Entertainment and Music family Marketing and Advertising Actors,109.9K
40,Axelview (Pavo)🦃 @axelviewoficial,359.9K,5.6%,Costa Rica,,108K
41,Cynthia KÅ | Prévention & Santé Naturelle @by_cynthia_ka,359.5K,4.02%,Costa Rica,,107.8K
42,Verónica González Quesada @verogonzalezcr,344.1K,0.94%,Costa Rica,Actors Modeling,103.2K
43,LIGA DEPORTIVA ALAJUELENSE @alajuelense_oficial,343.5K,1.51%,Costa Rica,Soccer Actors,103.1K
44,Descubre COSTA RICA 🇨🇷 @descubrecostarica,333.3K,0.45%,Costa Rica,Travel Marketing and Advertising Nature & Outdoors Architecture,100K
45,KAMU @chefkamu,331.5K,0.97%,Costa Rica,Food Food and Drink,99.5K
46,Sunfyre @sunfyretv,329.4K,3.58%,Costa Rica,Entertainment and Music Music,98.8K
47,Diario Extra @diarioextra,328K,0.1%,Costa Rica,News & Politics,98.4K
48,Andrea Salas @andreasalasb,327.2K,1.76%,Costa Rica,Life and Society family,98.2K
49,Johanna Ortiz @johannaortiz,314.6K,0.2%,Costa Rica,Fitness and Health Education Actors,94.4K
50,Libni Ortiz Quiros @mimiortizoficial,299.3K,0.45%,Costa Rica,Fashion and Accessories Actors,89.8K
51,Laura Ortega @___lauraortega,295.4K,6.3%,Costa Rica,Entertainment and Music Actors Modeling,88.6K
52,Leonora Jimenez @leonorajimenez,294.5K,0.34%,Costa Rica,Fashion and Accessories Business and Finance Lifestyle,88.4K
53,Ericka Morera @erickamorera,292K,3.02%,Costa Rica,Beauty and Self Care Actors Virtualization Journalists,87.6K
54,Maryn Azoff | Vocal Transformation Method™️ @vocal_transformation,290.3K,0.25%,Costa Rica,Entertainment and Music,87.1K
55,Max Rodriguez @immaxrodriguez,289.5K,3.05%,Costa Rica,Arts and Crafts Music Piercing Actors,86.9K
56,María Teresa Rodríguez @tere_rodriguezr,288.4K,0.25%,Costa Rica,Fashion and Accessories Romance and Wedding Actors Modeling,86.5K
57,Fify @soy_fify,284.5K,6.55%,Costa Rica,,85.4K
58,Karla Gómez @karlagomezr,278.3K,0.69%,Costa Rica,Acting and Drama Celebrity Actors Celebrities,83.5K
59,Emilia Mora ✨ @emilia.mora,277.4K,0.05%,Costa Rica,Education,83.2K
60,Natalia Alvarez @natyalvarez_cr,269.2K,1.06%,Costa Rica,Entertainment and Music Actors Journalists,80.8K
61,Karina Porras Fuentes @karinaporrasoficial,268K,0.34%,Costa Rica,Fashion and Accessories Actors Coaching,80.4K
62,Aileth Vásquez @teacheraileth,266.7K,3.5%,Costa Rica,Education Arts and Crafts,80K
63,Messy Women @messywomenn,263.9K,115.81%,Costa Rica,,79.2K
64,Nella Chase @nellachase,261.5K,1.47%,Costa Rica,,78.4K
65,Celso Borges @celsobm88,257.3K,1.12%,Costa Rica,Sports Soccer,77.2K
66,Emily Fernanda Salas Campos @emii_salas30,247.2K,1.15%,Costa Rica,Fashion and Accessories Marketing and Advertising Actors Modeling,74.2K
67,Purp @purplemiami,245.3K,1.8%,Costa Rica,Entertainment and Music Outdoor Activity Music Singer,73.6K
68,Thais Alfaro Cordero @thaisalfarocordero,245K,0.4%,Costa Rica,Entertainment and Music Television Actors Journalists,73.5K
69,Kendall Waston @kendallwaston,242.9K,1.55%,Costa Rica,Actors,72.9K
70,Karina Campos @kariinacampos,237.7K,0.6%,Costa Rica,Fashion and Accessories Fitness and Health Actors Modeling,71.3K
71,meliduran @meliduran,234.6K,0.57%,Costa Rica,Actors Virtualization,70.4K
72,Sharon Segura @sharonsegurag,233.9K,0.87%,Costa Rica,Fashion and Accessories Actors Journalists Virtualization,70.2K
73,Agatha @molecularagatha,232.7K,2.83%,Costa Rica,Animation and Cosplay,69.8K
74,Cristian Gamboa @crisgam89,231.4K,2.25%,Costa Rica,Sports Actors,69.4K
75,Steph Gonzalez @stephgj94,231.3K,0.49%,Costa Rica,Business and Finance Dogs Actors,69.4K
76,Natalia Monge Quirós @natymonge,231.1K,0.2%,Costa Rica,Actors,69.3K
77,Veny West @venywest,228.8K,-,Costa Rica,Bikini Modeling Publishing,68.7K
78,Enrique Rivas Leyva 🌎✈️ @lamochiladekike,227.8K,0.57%,Costa Rica,Travel Actors Modeling,68.3K
79,Rigoberto Alfaro @gallicr,224.8K,1.01%,Costa Rica,Entertainment and Music Funny Music Actors,67.4K
80,Marilin Gamboa Gomez @marilingamboa,222K,0.18%,Costa Rica,Books Fitness Actors,66.6K
81,makeuppbyruthie @makeuppbyruthie,221.1K,1.31%,Costa Rica,Beauty and Self Care Arts and Crafts Parenting,66.3K
82,Paola Calderón Hütt TV @paolahutt,217.2K,0.46%,Costa Rica,,65.2K
83,Beloved Jackson @beloved_jackson,216.8K,0.7%,Costa Rica,,65K
84,Carlos Alvarado Quesada @carlosalvq,213.1K,0.61%,Costa Rica,Actors,63.9K
85,Yokasta Valle @yokavalle_oficial,212.5K,1.44%,Costa Rica,Sports,63.7K
86,Bismarck Méndez McD. @biss_el_patacon,208.5K,1.3%,Costa Rica,Entertainment and Music Fitness and Health,62.6K
87,Milena Gonzalez @milena08gonzalez,207.9K,2.85%,Costa Rica,Beauty and Self Care,62.4K
88,Debi Nova @debinova,206K,2.61%,Costa Rica,Entertainment and Music Marketing and Advertising Music Actors,61.8K
89,Pamela Cascante @pamelacascante,201.6K,8.25%,Costa Rica,Arts and Crafts Careers,60.5K
90,Edgar Silva @edgarsilvacr,200.3K,0.41%,Costa Rica,Life and Society Actors,60.1K
91,Alan Jesus Hidalgo @alanhid,198.6K,1.3%,Costa Rica,Finance Automotive Music Entrepreneur,59.6K
92,Kenneth Tencio OLY @kennethtencio,198.1K,3.68%,Costa Rica,Sports Auto and Vehicles Music Riders,59.4K
93,Steve Perez Munoz @steveperezm,195.2K,10.96%,Costa Rica,Home and Garden,58.5K
94,*️⃣ONLY ACCOUNT*️⃣ Girls can be both hot and smart 🔥 @carolinamoraoficial,193.1K,0.06%,Costa Rica,Travel Pets,57.9K
95,•• Pαu Chαvαrríα •• @pauchavarriaa,188.5K,5.03%,Costa Rica,,56.6K
96,ZORÁN @zoranvlog,187.1K,3.44%,Costa Rica,Entertainment and Music Music,56.1K
97,Kristina Manners @kristina.manners,185.7K,3.32%,Costa Rica,Beauty and Self Care,55.7K
98,DIEGO BRAVO @eldiegobravo,183.3K,0.76%,Costa Rica,Entertainment and Music Marketing and Advertising,55K
99,Masiel Rodríguez @massh_rodriguez,183.1K,1.7%,Costa Rica,Nature,54.9K
100,Chef Krasinski / Conmigo Ahorra Dinero 💸/ Recetas 🔥 @chef_sebastianjarakrasinski,180.5K,1.96%,Costa Rica,Food Food and Drink,54.2K
