#,NAME,FOLLOWERS,ER,COUNTRY,TOPIC OF INFLUENCE,POTENTIAL REACH
1,Germán Rodezel @UCj8-o-AOsl6elcsjVDAc1JA,2.1M,2.1%,Costa Rica,,618K
2,Al AHLY TV @UCmeqakSoEdmxEtTnCFSbunw,1.9M,-,Costa Rica,,561K
3,La Habitación Oscura @UCJLxCZnSr19-2qr8arbppWA,1.8M,0.4%,Costa Rica,,537K
4,La cultura para todos @UCtttZpjrsMvm9YHjR3rB5fQ,1.2M,-,Costa Rica,,366K
5,Superlibro @UCu9-HLbjEbczQDBXzEqaSVQ,1.1M,-,Costa Rica,,321K
6,Fabii Puffle @UC2TCmZmRi2twi9Ycn34tfkQ,953K,0.1%,Costa Rica,,285.9K
7,Jose Gonzalez @UCb_V4bF50eX6pekMsziQI7w,836K,0.2%,Costa Rica,,250.8K
8,Cocina con Jenny @UCOgb8SNPgGjK0CyHz6N3fSQ,695K,-,Costa Rica,,208.5K
9,Pao CH @UC327Ph1qmZl5Ny0LKP6mmHw,578K,-,Costa Rica,,173.4K
10,Sarah Steller Beauty @UCaw-2FYtedq50jXWMLKHidA,498K,-,Costa Rica,,149.4K
11,Kaleta Senpai @UCmNU9dmhrP9evWqyjuweRWA,484K,1.2%,Costa Rica,,145.2K
12,Fabricio Alvarado @UCDuXt79QnnLjCUzXwd-5CXQ,457K,-,Costa Rica,,137.1K
13,Betesda La alternativa natural @UC0fcnCzeRithSR-JeRAs7bA,447K,-,Costa Rica,,134.1K
14,Teletica Costa Rica @UCOC6n5gbktagxIUrQrp42yw,421K,-,Costa Rica,,126.3K
15,CocoChickyy @UCh9kz9gfvKC9bk5E6VgZ4uw,402K,0.4%,Costa Rica,,120.6K
16,𝐒𝐡𝐢𝐧𝐧𝐨𝐛𝐮 @UCMKrq2mFp-qfXAuPwtMyT4A,401K,0.3%,Costa Rica,,120.3K
17,PLACE @UCo3BbgAZgkT7T7rEag6KRdw,380K,-,Costa Rica,,114K
18,l o s t @UCkGO30BMaWyxncIspVE6rEQ,359K,1.4%,Costa Rica,,107.7K
19,Noticias Repretel @UCr6TeVofbyCvtCdxV_niQKQ,358K,-,Costa Rica,,107.4K
20,Olivia Kissper @UCtc8gcFs2KXRzpV5iwJA8-w,321K,-,Costa Rica,Art Music,96.3K
21,jrcodjmix @UCpPeFul_f-9LlZwiknz9RHg,304K,-,Costa Rica,,91.2K
22,Leonardo Morales ELECTRO REPARACIONES LMC @UCUimmvfAqo4dwCvXfd5Tv_g,295K,0.1%,Costa Rica,,88.5K
23,Araya Vlogs @UCnZWFiZOtbKPWkRVSqhnJ8A,278K,1.9%,Costa Rica,,83.4K
24,KALETA @UCRMqEJlE1YTyTn8D6eFJs_Q,271K,0.3%,Costa Rica,,81.3K
25,TH Videos @UC8dhmdTkTYsFJA76rLzkW_w,260K,-,Costa Rica,,78K
26,Veggie ASMR @UCsyTa7gUV3851U_TypwXiDQ,251K,2.2%,Costa Rica,,75.3K
27,gizmog @UCvFLa4R3serolvK7AI_F2PQ,249K,0.1%,Costa Rica,,74.7K
28,Vision de Impacto @UCbVxlF7Iw9f2tHxywhHKRNw,242K,-,Costa Rica,,72.6K
29,El Plexpero @UCW7nCUJ_sL7_BkkKTPxtohw,241K,-,Costa Rica,,72.3K
30,JimmyTutoriales @UCYcD1L2-7-rtpwMwLbSS4RQ,239K,-,Costa Rica,,71.7K
31,MERIDIANO84 @UCGy75lud0JZ-Y3u24ArrsWQ,230K,0.3%,Costa Rica,,69K
32,Patchwork and Quilting Clases Mininos de Sanchez @UCBQZqkX3AZ35QlXBL-fX1Ig,229K,-,Costa Rica,Art Medical Health,68.7K
33,lavencas @UCVi6f0e0XfDLqnwhkXQEIhw,208K,-,Costa Rica,,62.4K
34,Joy Of Gaming @UCCIR3AdAbybtkNgINS9UyNA,192K,0.2%,Costa Rica,,57.6K
35,Yo Soy Pollo @UCIzWZNqR7-KvXWEQTZcGi2Q,184K,-,Costa Rica,,55.2K
36,Latin Christian News @UCDcbgT6x4yLYfdGNfjv-j3g,177K,-,Costa Rica,,53.1K
37,Nicaragua Investiga @UCOdrgFoGUWZnzf5X1LEINSg,168K,-,Costa Rica,,50.4K
38,Makiura YT @UCCHBoslnQ4W1TS9KMeTk8cA,165K,-,Costa Rica,,49.5K
39,Grupo935 @UC166mooc0TLNFlIad_8Q9pw,161K,-,Costa Rica,,48.3K
40,Momuscraft @UCmas0tuuuHnWz8IDC3bM2xQ,150K,-,Costa Rica,,45K
41,Fabiana Alvarado @UC-NklU-D5gFqdTj4o9UQa_Q,147K,0.1%,Costa Rica,,44.1K
42,Blonde Balayage Hair TV @UCBRMLQmvxd8oebRft6-RS7A,145K,0.1%,Costa Rica,,43.5K
43,Gaby Unaplay @UCKurldz6_RXiSj5AB_nl1sA,141K,-,Costa Rica,,42.3K
44,Mr LAG @UCSmx-JMcELcd2t2m07WHNsQ,140K,-,Costa Rica,,42K
45,Kreativa-T @UCYbspwY_62yQ8OM0t2CrN_w,139K,-,Costa Rica,,41.7K
46,8Bit CR @UC711clzNtwXwzMJNEt7ypJg,136K,-,Costa Rica,,40.8K
47,L00FUL YT @UCzi8sQ5LWeznutTVjAuSFMw,130K,-,Costa Rica,,39K
48,Oráculo Tarot @UCwXmkk3cPuKFoK2xINJtP-g,130K,-,Costa Rica,,39K
49,Teacher Clau @UC3DikydeVEpmBwzQyiYcxeA,127K,-,Costa Rica,,38.1K
50,Official Gimario @UC85G6cPnGE14FyaDfUaj6AQ,121K,12.8%,Costa Rica,,36.3K
51,Steph Min @UCiEOMyhe_L1w2pnsV1q9iBQ,119K,-,Costa Rica,,35.7K
52,Classic Catholic Audiobooks @UCfXTzdNin8U8aEQVMIXiRog,118K,-,Costa Rica,,35.4K
53,Panda @UCjyLV6ZAI2Bq_OnnUJctrcA,116K,-,Costa Rica,,34.8K
54,Decima Badilla @UCf5VNQsVyeSAkXImPErw93w,114K,-,Costa Rica,,34.2K
55,Julio Alfaro @UCXgIX8vHurlpEAPlG6lJvDw,114K,-,Costa Rica,,34.2K
56,Manualidades del 2000 TV @UCpE67b56i6ngWD_eBivkJvQ,113K,-,Costa Rica,,33.9K
57,Ladyblogger CR @UCKsKRK9cIpTFMRIvPocGjdA,109K,-,Costa Rica,,32.7K
58,Showdehuevos @UCSGJ-Ra-WnlHyueUrHiQetQ,109K,-,Costa Rica,,32.7K
59,La Cruz de la suerte Int Señor Cruz @UC7CTfF8lCaj_-h7kj4XHnAA,109K,0.5%,Costa Rica,,32.7K
60,KWS @UCsvZCX7zMxEP0h1HzBPZAuw,103K,-,Costa Rica,,30.9K
61,Hospital Clínica Bíblica @UC1MHtKJXaHMlVeB7PvsDB3g,102K,-,Costa Rica,,30.6K
62,Sin Secretos con Doris @UChaHjbazcroLPXJusq8Ncvg,97.3K,-,Costa Rica,,29.2K
63,Jeey Productions @UCfHI8zR4OiRFcmTl4bWft_Q,96.1K,-,Costa Rica,,28.8K
64,Zybron @UCeR5qR3lrVnY6n5scPZaVXw,94.7K,-,Costa Rica,,28.4K
65,Veget4 Evolve @UCu9iERzEJE6cY73XvNn96cg,93.1K,1.4%,Costa Rica,,27.9K
66,Repara electrodomésticos con FARR @UCYAAX1q0h1ZTmnmFBM02WeQ,91.5K,-,Costa Rica,,27.5K
67,dodgie @UCyioMDtNlXUjNwQSNnY-rAA,91.4K,2.8%,Costa Rica,,27.4K
68,René Montiel @UCjl_Pn8ymTZm_KIZMDjeZkA,87.3K,-,Costa Rica,,26.2K
69,Josue z5 TF @UCX9oUz-1DWJ0gWlz8bEWZJg,87K,0.7%,Costa Rica,,26.1K
70,Varas Ticas @UCISk7VhbNBiFYgt56k0wpDg,85.3K,0.3%,Costa Rica,,25.6K
71,Broc Productions @UCaBnTKHJuBoekETKFP5QBzw,84.9K,-,Costa Rica,,25.5K
72,Creaciones KevAriAx By Darling @UCMQUBpL-S0QCVaLuL-UO8dA,82.4K,-,Costa Rica,,24.7K
73,RicoRizzy @UCJ1PIEcECazPKanpDrRJ3GA,81.4K,-,Costa Rica,,24.4K
74,Sat Yoga Institute @UC9K9r4Wh9OO18BZP4KP9vGQ,80.6K,1%,Costa Rica,,24.2K
75,El show del pollito @UCfSx1h_nOHhmr96gilIvI3Q,77.2K,-,Costa Rica,,23.2K
76,Aleku @UCwRN8kevJIjApevlRJBOVZw,76.1K,0.2%,Costa Rica,,22.8K
77,Priscilla Correa @UCs3buhvc_vBWRRusOTITt5A,73.6K,0.1%,Costa Rica,,22.1K
78,AulaDeEconomia @UCUIvPmpKsx-YnBRxc-E9IXg,72.9K,-,Costa Rica,,21.9K
79,Comrade Peterson @UCUDp2hgYvnSnraOZA4rYa5w,67K,-,Costa Rica,,20.1K
80,Steven CR @UCRDJFdIgw8pD4XYczng39Hw,65.7K,-,Costa Rica,,19.7K
81,Diego Nano @UCOH6dgfV9I9wesVrmjOjdQw,65.5K,-,Costa Rica,,19.7K
82,Beyond Music Company @UC66Qi_o5n9MRWh52B3y2K7A,63.8K,-,Costa Rica,,19.1K
83,Agrotendencia TV @UCOXEnwToecD7I-cCHiLc_kw,63.5K,-,Costa Rica,,19.1K
84,Hábitat Soluciones @UCja_PmpKT6k3s1YsV-daZeA,63K,-,Costa Rica,,18.9K
85,KSGAviation / Videos de Aviación @UCloliw_b4N89QIMtIYvFSmg,62.8K,0.3%,Costa Rica,,18.8K
86,La Caja de Pandora Sindy Ramirez @UC1AdnB5Am5LShr4aj7yd4OQ,60.9K,-,Costa Rica,,18.3K
87,PeitonYT @UCxe9t3mRvG2RHPWGshWCkEg,60K,-,Costa Rica,,18K
88,Rysol TV @UCKBguPUBMEXznmVh1TsOu5Q,59.1K,-,Costa Rica,,17.7K
89,Henry Precise Cuts @UCj_LC_YOhwK0YtfecPPmRSQ,59.1K,-,Costa Rica,News Travel,17.7K
90,De aventuras con Jaqui @UCr4TIvloUUIJw_v1VABCaiA,58.7K,1.8%,Costa Rica,,17.6K
91,Logean C @UC-VGtylcwmDQjBD90FVQSuw,58.4K,2.5%,Costa Rica,,17.5K
92,Nicusha International Living @UCXTln6N3_MQK_Mn_N_o9jWA,58K,-,Costa Rica,,17.4K
93,Shaggy23 @UCSrCwYK7_L-u1m1Mx6fBuMg,57.5K,0.4%,Costa Rica,,17.3K
94,James Wolfe @UCJTbY0hlco8QaVeL7YaYwVw,57.4K,-,Costa Rica,,17.2K
95,AmeliaRueda @UCM8rjHY4-p3Csgi8_f0II3Q,57.4K,-,Costa Rica,,17.2K
96,Jostedakure @UCqy0Yh3gDbh2FyaKFKyl91Q,57.4K,-,Costa Rica,,17.2K
97,Chef Rafael @UCLp5aZWUHqmgMymYVu_swLg,57.2K,-,Costa Rica,,17.2K
98,Art in Sound @UCMM3Wvn9ZSZdBlsy7AX7eqQ,57.1K,-,Costa Rica,Art,17.1K
99,DIXON2121 @UCtF3UVot5pdyOdcNHlK3ASA,57K,-,Costa Rica,,17.1K
100,Chef Sophia @UCOc0oyig540N7PNe8sM3OeA,56.6K,0.1%,Costa Rica,,17K
