#,NAME,FOLLOWERS,ER,COUNTRY,TOPIC OF INFLUENCE,POTENTIAL REACH
1,CAROLINE MARIA DERPIENSKI @carolinederpienski,8.8M,2.56%,Poland,Fashion and Accessories Celebrity Parenting Modeling,2.6M
2,𝗔𝗻𝗻𝗮 𝗟𝗲𝘄𝗮𝗻𝗱𝗼𝘄𝘀𝗸𝗮 @annalewandowskahpba,4.5M,0.72%,Poland,Sports Fitness and Health Food,1.4M
3,Anna-Maria Sieklucka @anna_maria.sieklucka,4.5M,1.52%,Poland,Acting and Drama,1.4M
4,Karol Wiśniewski @frizoluszek,4.1M,6.67%,Poland,Arts and Crafts Marketing and Advertising Actors,1.2M
5,Wojciech Szczesny @wojciech.szczesny1,3.9M,2.59%,Poland,Pets Soccer,1.2M
6,Dahlia Poland @dahliachr,3.7M,1.93%,Poland,Beauty and Self Care family Parenting Moms,1.1M
7,WERONIKA SOWA @wersow,3.6M,5.06%,Poland,Entertainment and Music News,1.1M
8,Marcin Dubiel @marcindubiel,2.4M,6.17%,Poland,"Entertainment and Music DIY and Life Hacks Celebrities Film, Music & Books",709.2K
9,Martyna Wojciechowska @martyna.world,2.2M,0.17%,Poland,Education Travel Arts and Crafts Upskilling,665.4K
10,Jakub Patecki @patec_wariatec,2.1M,7.59%,Poland,Photography Celebrity,623.4K
11,Sylwia Dąbrowska @sylwiaprzybysz,2.1M,3.06%,Poland,"Entertainment and Music Celebrity Celebrities Film, Music & Books",620.6K
12,Томаш Кудрявый @tomaschgood,2M,1.37%,Poland,Beauty and Self Care Fashion and Accessories News Video Blogger,611.9K
13,Joanna Jedrzejczyk @joannajedrzejczyk,2M,0.44%,Poland,Sports Fitness and Health Business and Finance Gym,597.4K
14,Ewa Chodakowska Fitness Expert @chodakowskaewa,2M,0.31%,Poland,Fitness and Health Cooking Health & Fitness Food & Drink,592.2K
15,Suchar Codzienny @sucharcodzienny,1.9M,1.27%,Poland,Funny,570.1K
16,NJ @nataliajanoszek,1.8M,4.92%,Poland,Entertainment and Music Parenting Actors Lifestyle,541.6K
17,Agnieszka Grzelak Vlog/Beauty @agagrzelakk,1.8M,1.57%,Poland,Beauty and Self Care Travel,538.8K
18,Marta Błoch @murcix,1.8M,2.32%,Poland,Entertainment and Music,538.4K
19,AQ🌙ARIA @dodaqueen,1.8M,1.16%,Poland,Entertainment and Music Music Celebrity Singer,532.9K
20,Anja Rubik @anja_rubik,1.7M,0.58%,Poland,Fashion and Accessories Education Lifestyle,506.9K
21,Ola Nowak @ola_nowak,1.7M,0.67%,Poland,"Education Fashion and Accessories Celebrities Film, Music & Books",502.2K
22,Trendy Polish @trendypolish,1.6M,0.78%,Poland,Beauty and Self Care Music,478.9K
23,Remigiusz reZi Wierzgoń @rezigiusz,1.6M,3.59%,Poland,Entertainment and Music DIY and Life Hacks Automotive,476.9K
24,Romi Chase @romi_chase,1.6M,2%,Poland,Fashion and Accessories,466.7K
25,Małgorzata Rozenek-Majdan @m_rozenek,1.5M,0.72%,Poland,Entertainment and Music,457K
26,Red Lipstick Monster (ona/jej) @redlipstickmonster,1.4M,0.33%,Poland,"Beauty and Self Care Modeling Celebrities Film, Music & Books",427K
27,JULIA KUCZYŃSKA @maffashion_official,1.4M,0.99%,Poland,Fashion and Accessories Modeling Celebrities,423.5K
28,Arek Milik @arekmilik,1.4M,3.33%,Poland,Soccer,409.9K
29,Basia Kurdej-Szatan @kurdejszatan,1.3M,0.22%,Poland,Art,404.4K
30,PLK 🇵🇱 @plkpb,1.3M,12.61%,Poland,Entertainment and Music Lifestyle Music,400.5K
31,N🔺tH @nataliasiwiec.official,1.3M,0.78%,Poland,Beauty and Self Care Fashion and Accessories Marketing and Advertising Modeling,398.3K
32,DAWID KWIATKOWSKI @kwiatkowsky,1.3M,2.04%,Poland,"Music Celebrities Film, Music & Books",397.2K
33,Patikayy 🇵🇱🇨🇦🇺🇸 @patryciakayy,1.3M,3.1%,Poland,,397.1K
34,Łukasz Wojtyca @wujekluki,1.3M,8.71%,Poland,Entertainment and Music,396.5K
35,MONA @monika.kociolek,1.3M,3.09%,Poland,Fashion and Accessories,394.6K
36,Magda Gessler @magdagessler_official,1.3M,0.24%,Poland,Food,388.8K
37,@bedoes2115,1.3M,9.41%,Poland,"Entertainment and Music Film, Music & Books Celebrities",377.7K
38,ANDREW CROWD (#1 EDM GHOST PRODUCER) @andrewcrowd,1.2M,0.78%,Poland,Entertainment and Music Celebrity DJ Producers,373K
39,FANPAGE FROM POLAND🇵🇱 @cristiano7poland,1.1M,0.2%,Poland,Sports Soccer,338.2K
40,Małgorzata Kożuchowska @malgorzatakozuchowska_,1.1M,0.42%,Poland,Entertainment and Music Celebrity,336K
41,🌸Wiktoria Gąsiewska🌸 @wiktoria_gasiewska,1.1M,3.03%,Poland,Art Actors,334.4K
42,Szymon Kasprzyk @isamupt,1.1M,5.29%,Poland,Entertainment and Music,330.9K
43,Adam Zdrójkowski @adam_zdrojkowski,1.1M,0.85%,Poland,"Arts and Crafts Health and Medical Services Celebrities Film, Music & Books",325.3K
44,Asia Ladowska @ladowska,1.1M,1.31%,Poland,Arts and Crafts Illustrator,322.8K
45,Ира Кудашова @irinaa_kudashova,1.1M,1.33%,Poland,Acting and Drama Celebrity Modeling,319.8K
46,vetulani. @quebahombre,1.1M,7.76%,Poland,Music,317.9K
47,Małgorzata Socha @malgosia_socha,1.1M,0.75%,Poland,Fashion Pets,316.8K
48,Wiktoria Bochnak @kartonii,1.1M,15.73%,Poland,Fashion,315.4K
49,Kinga Sawczuk ☀️ @kingasawczuk,1M,1.02%,Poland,Fashion and Accessories Modeling,314.3K
50,HIGH League @highleague_official,1M,3.39%,Poland,,308.4K
51,𝕸𝖆𝖗𝖎𝖓𝖆 @marina_official,1M,1.42%,Poland,Entertainment and Music Moms Soccer,303.5K
52,𝐍𝐀𝐓𝐀𝐋𝐈𝐀 𝐓𝐎𝐌𝐂𝐙𝐘𝐊 @nathalie_tom,1M,5.11%,Poland,Fashion and Accessories Celebrity Modeling Celebrities,302.8K
53,CLEO @cleo_don,1M,0.74%,Poland,Music,302.4K
54,Anna @anna__michalczyk,1M,0.46%,Poland,Fashion and Accessories Photography Travel,301.7K
55,Nicole Sochacki-Wójcicka @mamaginekolog,960.1K,1.75%,Poland,Fashion Moms,288K
56,Fausti 💋 @faustynaf,946.6K,12.36%,Poland,Fashion and Accessories,284K
57,Karolina Pisarek-Salla @karolina_pisarek,944.2K,1.51%,Poland,Fashion and Accessories Marketing and Advertising Fashion Model Creators & Celebrities,283.3K
58,LILA JANOWSKA @lilajanowska,921.8K,6.06%,Poland,Beauty and Self Care Modeling,276.5K
59,Donald Guerrier ⚜️♈️🇭🇹 🇵🇱 @dguerrier77,915.3K,0.21%,Poland,Entertainment and Music Entertainment Singer Modeling,274.6K
60,Jessica Mercedes Kirschner @jemerced,909.8K,1.07%,Poland,Fashion and Accessories Arts and Crafts Home and Garden Lifestyle,272.9K
61,Adrian Salamon @medusaoficjalnie,909.6K,2.69%,Poland,Entertainment and Music,272.9K
62,Klaudia El Dursi @klaudia_el_dursi,904.8K,3.24%,Poland,Entertainment and Music Television,271.4K
63,Krzysztof Piątek @pjona_9,902.8K,1.35%,Poland,Sports,270.8K
64,Sylwia Bomba @sylwiabomba,895.8K,4.46%,Poland,Photography Entertainment and Music Moms,268.7K
65,sanah @sanahmusic,891.7K,5.41%,Poland,Entertainment and Music Music,267.5K
66,Marta Rentel @martirenti,889.3K,2.49%,Poland,Fashion Health & Fitness Hair & Beauty Celebrities,266.8K
67,Maria Jeleniewska🌻 @jeleniewska,878.1K,2.4%,Poland,Entertainment and Music,263.4K
68,Martyna Zbirańska🎀 @martyna.pysia,872.8K,1.94%,Poland,Fashion and Accessories News,261.8K
69,Eva zu Beck | Raw Adventure @evazubeck,850.3K,1.23%,Poland,Travel Outdoor Activity Photography Adventure,255.1K
70,Dj SLAVIC🎧👱🏻‍♀️🖤🎵 @ola_ciupa,850K,3.54%,Poland,Entertainment and Music Artist Creators & Celebrities,255K
71,Kubańczyk @kubanczyk.official,837.8K,5.3%,Poland,,251.3K
72,Patrycja Mołczanow⋆｡°✩ @patrycjamolczanow,826.2K,3.89%,Poland,Fashion,247.9K
73,Wiedza Bezuzyteczna @bezuzytecznapl,826.1K,6.79%,Poland,News,247.8K
74,Sandra A Kubicka @sandrakubicka,822.1K,2.2%,Poland,Fashion and Accessories Modeling Celebrities,246.6K
75,Klaudia Halejcio @klaudiahalejcio,820.2K,2.06%,Poland,Acting and Drama Entertainment and Music,246.1K
76,Filip Aleksander Chajzer @filip_chajzer,818K,0.36%,Poland,Fashion,245.4K
77,WHITE 2115 @2115white,790.2K,13.29%,Poland,Music,237.1K
78,Joanna Koroniewska - Dowbor @joannakoroniewska,772.1K,0.8%,Poland,Beauty and Self Care,231.6K
79,PL ⬅️ @platinum__lifestyle_,744.9K,0.06%,Poland,Fashion Styling Lifestyle,223.5K
80,⚜️ 𝐎𝐥𝐚 𝐖𝐚𝐧𝐬𝐞𝐫𝐬𝐤𝐚 ⚜️ @ola_wanserska,736.3K,1.16%,Poland,Beauty and Self Care Travel Auto and Vehicles Modeling,220.9K
81,Lena Moonlight 🌙 @lena_moonlight,734.7K,1.39%,Poland,Entertainment and Music Celebrity,220.4K
82,Magda Pieczonka @magdapieczonkamakeup,734.4K,0.45%,Poland,Beauty and Self Care Public Figure Creators & Celebrities,220.3K
83,Robert Makłowicz @robertmaklowicz_official,731.3K,3.28%,Poland,Food,219.4K
84,Ewa Staniszewska @ewastaniszewska,716.3K,0.53%,Poland,Beauty and Self Care,214.9K
85,Marta Borkowska | Photographer @marta_lvlfit,712K,0.39%,Poland,Photography Fitness and Health Modeling Coaching,213.6K
86,Grzegorz Krychowiak @grzegorz.krychowiak,710.2K,1.13%,Poland,Sports Soccer,213.1K
87,Justyna Sukanek @sukanek,705.1K,2.88%,Poland,"Funny Life and Society Celebrities Film, Music & Books",211.5K
88,Amadeusz Ferrari @amadeusznolove,683.2K,12.45%,Poland,Entertainment and Music Automotive,205K
89,Beata Drzazga @beata_drzazga_official,675.9K,0.03%,Poland,,202.8K
90,Ewa Farna @ewa_farna93,671.9K,0.74%,Poland,Entertainment and Music News,201.6K
91,MARLEY Marlena Sojka @marlenasojka,665.7K,4.82%,Poland,Fashion and Accessories Parenting Music Dogs,199.7K
92,LUKA @lucky_luka_official,662.9K,4.76%,Poland,Fashion and Accessories Entertainment and Music Food and Drink,198.9K
93,Adrianna Muranowicz @truebeautyisinternal,657.9K,0.67%,Poland,Beauty and Self Care Parenting Actors Celebrities,197.4K
94,👸🏼 @magie__may,656.4K,2.06%,Poland,Food and Drink Fashion Fashion and Accessories,196.9K
95,Nadia Długosz / ex YT BEKSY @nadjowa,654.5K,1.24%,Poland,Fashion Art Celebrities,196.3K
96,Marcin Prokop @_marcinprokop_,639.8K,0.8%,Poland,Journalists,192K
97,DeeJayPallaside @deejaypallaside,636.8K,1.79%,Poland,"Entertainment and Music Modeling Celebrities Film, Music & Books",191K
98,Maja Kuczynska @kuczynska.maja,617.2K,2.28%,Poland,Outdoor Activity Sports,185.2K
99,Ania Starmach @ania_starmach,611.9K,0.53%,Poland,Food,183.6K
100,"Joanna Kosidlovska | Influencer, Warsaw @kosidlovska",611.3K,7.96%,Poland,Sports Fashion and Accessories Education News,183.4K
