#,NAME,FOLLOWERS,ER,COUNTRY,TOPIC OF INFLUENCE,POTENTIAL REACH
1,Alisha Lehmann @alishalehmann7,16.6M,4.55%,Switzerland,Outdoor Activity Sports Soccer,5M
2,Roger Federer @rogerfederer,12.2M,1.49%,Switzerland,Sports Tennis,3.6M
3,Michelle Hunziker @therealhunzigram,5.8M,0.96%,Switzerland,Entertainment and Music Pets Finance Modeling,1.7M
4,Pamela Alexandra @pamelaalexandra,5.4M,0.19%,Switzerland,Food Travel Lifestyle Styling,1.6M
5,Sarah Angius @sarahangius,3.9M,0.44%,Switzerland,Beauty and Self Care Parenting Lifestyle Styling,1.2M
6,Granit Xhaka @granitxhaka,3.2M,1.99%,Switzerland,Sports Romance and Wedding Soccer Coaching,946.7K
7,Dayan Kolev @dayan.kole,3.1M,4.55%,Switzerland,,936.1K
8,Kristina Bazan @kristinabazan,2.7M,0.08%,Switzerland,Entertainment and Music Modeling,800.7K
9,Claudio Castagnoli @claudiocsro,2.5M,0.41%,Switzerland,Sports Food Restaurants,750.9K
10,Rafiath Rashid Mithila @rafiath_rashid_mithila,2.2M,0.09%,Switzerland,Acting and Drama Education Celebrity Singer,673.5K
11,Kevin Lütolf @kevinlutolf,2M,2.69%,Switzerland,Finance Business and Finance Modeling Lifestyle,599.6K
12,Patek Philippe @patekphilippe,2M,0.51%,Switzerland,Fashion and Accessories Luxury,587.5K
13,𝐆𝐮𝐢𝐥𝐥𝐚𝐮𝐦𝐞 𝐐𝐮𝐞𝐧𝐞𝐭 @balkrof,1.8M,8.7%,Switzerland,Parenting Fashion Moms Children,530.3K
14,Darius Sinathrya K @darius_sinathrya,1.7M,0.54%,Switzerland,Auto and Vehicles Celebrity,501.8K
15,Igor Rickli @igorrickli,1.6M,2.09%,Switzerland,Education Life and Society Actors,470.5K
16,Patrizia🇨🇭➕🇩🇴 @patriziayanguela,1.5M,0.07%,Switzerland,Entertainment and Music Automotive,451.5K
17,📍SWITZERLAND🇨🇭 @landscapes_sisiswiss,1.4M,1.02%,Switzerland,Nature Outdoor Activity Travel,431.6K
18,swiss | Xplorers🇨🇭 @swissxplorers_,1.4M,33.51%,Switzerland,Nature Travel,417.8K
19,Senai Senna @sennarelax,1.4M,0.5%,Switzerland,Travel Photography Adventure Nature & Outdoors,408.2K
20,JESSICA GISMONDI @jessica.gismondi,1.4M,0.07%,Switzerland,Travel Business and Finance Marketing and Advertising Lifestyle,405.9K
21,👻 Snapchat: Fashion_lalo 👻 @fashion_lalo,1.2M,0.08%,Switzerland,Fashion and Accessories Lifestyle,366K
22,Daniela Scuderi @daniellapintto,1.2M,1.6%,Switzerland,family Fashion and Accessories Travel Video Creator,353.2K
23,Stefano Tratto @stefanotratto,1.1M,3.49%,Switzerland,Travel Lifestyle Modeling Celebrities,320.6K
24,Dimash Adilet | Geneva @dimashadilet,1.1M,1.33%,Switzerland,Finance Education Business and Finance Lifestyle,319.2K
25,Gina Virahya @ginaa.24,1M,0.61%,Switzerland,Travel Beauty and Self Care Product Showcase Food,310.1K
26,Diana General @generalgirl666,1M,0.53%,Switzerland,,309.6K
27,Fabio Cordella @fabio_cordella,1M,3.98%,Switzerland,Business and Finance,306.9K
28,Céline Centino🖤 @ccentino,1M,7.34%,Switzerland,Fashion and Accessories Modeling,305.5K
29,Daniela Christiansson @danielachristiansson,1M,0.38%,Switzerland,Education Parenting Modeling,304K
30,Camilla Neuroni @princesscamilla,1M,0.98%,Switzerland,Travel Fashion Photography Entrepreneur,301.4K
31,Mike Horn @mikehornexplorer,968.4K,0.74%,Switzerland,Outdoor Activity Education,290.5K
32,CERN @cern,963.1K,0.78%,Switzerland,Education,288.9K
33,🇨 🇭 🇮 🇨 🇦 🇸 @chicasfelices,937.9K,0.65%,Switzerland,Entertainment and Music,281.4K
34,Stephan Lichtsteiner @stephanlichtsteiner,922.8K,0.6%,Switzerland,,276.8K
35,Bada$$ B Christina Bertevello @christina.bertevello,910.8K,4.84%,Switzerland,Fashion and Accessories Modeling Health & Fitness,273.2K
36,𝐆𝐈𝐍𝐓𝐀 @ginta,885.7K,3.88%,Switzerland,Entertainment and Music Music Singer Songwriting,265.7K
37,Linus @linus_dj,855.9K,1.01%,Switzerland,Travel Fashion Photography,256.8K
38,عبدالمجيد الفوزان @mjeedalfawzan,789.5K,4.24%,Switzerland,Entertainment and Music,236.9K
39,ANTONIO BELLAROBA | MENSWEAR FASHION /TRAVEL /LIFESTYLE @toni.b_official,787.7K,0.66%,Switzerland,Fashion and Accessories Upskilling,236.3K
40,Switzerland 🇨🇭 @swissaway,785.1K,0.84%,Switzerland,Travel Nature,235.5K
41,Cindy Landolt @cindytraining,766.8K,1.86%,Switzerland,Fitness and Health Coaching Training,230K
42,The Gstaad Guy @gstaadguy,713.8K,11.55%,Switzerland,Art,214.1K
43,Songül Ünsal @songulunsall,662.2K,1.2%,Switzerland,Education,198.6K
44,Nadine Huber @house.of.huber,632.9K,0.34%,Switzerland,Fashion and Accessories family Business and Finance Moms,189.9K
45,Nicolas Sandmeier @nicoceps,602K,4.98%,Switzerland,Fitness and Health Photography Gym Training,180.6K
46,Nguyen Ngoc Cam Tu @kundigtu,596K,2.24%,Switzerland,,178.8K
47,Hani Liha @makeupbyliha,588.9K,0.25%,Switzerland,Beauty and Self Care Business Hair & Beauty Celebrities,176.7K
48,Switzerland 🇨🇭 Travel | Hotels | Food | Tips @switzerland_incredible,585.7K,0.08%,Switzerland,,175.7K
49,Joshua Tyrell @joshtyrell,583.3K,0.46%,Switzerland,Entertainment and Music,175K
50,Nadège Lacroix @lacroixnadege,580.7K,1.27%,Switzerland,Acting and Drama Fashion and Accessories Home and Garden Lifestyle,174.2K
51,let your soul glow @luanasilva,578.9K,0.64%,Switzerland,family Travel Events Lifestyle,173.7K
52,Denis Zakaria @deniszakaria,555.4K,4.19%,Switzerland,Sports Soccer,166.6K
53,Sylvia Michel 🇨🇭 @michelphotographych,553.5K,0.86%,Switzerland,Pets Nature,166K
54,Beatrice Egli @beatrice_egli_offiziell,549K,1.11%,Switzerland,Entertainment and Music Music Lifestyle,164.7K
55,DE HERTIST @zekisworld,548.8K,10.76%,Switzerland,Celebrity,164.6K
56,Chef Emrah Fandaklı @emrahfandakli,538.6K,1.15%,Switzerland,Food Business and Finance Food and Drink,161.6K
57,xavierdelerue @xavierdelerue,533.6K,1.5%,Switzerland,Travel Adventure Bikes,160.1K
58,Zürich🇨🇭Balayage / Airtouch / Educator @alennmj,523K,0.37%,Switzerland,Beauty and Self Care Styling Hair Salons,156.9K
59,Sandra Rodrigues Pinto @entre_dois,479.3K,2.12%,Switzerland,Fashion and Accessories Home and Garden Styling Lifestyle,143.8K
60,Leticia Lopes @leticialopesbsb,474.3K,1.03%,Switzerland,Fashion and Accessories Marketing and Advertising,142.3K
61,Mr. Gary @switzerland.holiday,472.1K,0.33%,Switzerland,,141.6K
62,Dunja Bitar @dunjabitar,466.2K,3.46%,Switzerland,Pets Fitness and Health,139.9K
63,𝗟𝗲𝗮𝗿𝘁 @1earti,460.3K,0.1%,Switzerland,,138.1K
64,Elvira Legrand @elviralegrand,455.2K,3.26%,Switzerland,Entertainment and Music Lifestyle Celebrities,136.5K
65,NICOLE STEINER @nicole.flipz,454.6K,1.5%,Switzerland,Sports,136.4K
66,GLORY @gloriajoelle,454.2K,0.4%,Switzerland,Fashion Lifestyle,136.3K
67,Vincenzo Nibali @vincenzonibali,450.9K,1.23%,Switzerland,Sports Bikes,135.3K
68,Belinda Bencic @belindabencic,437.8K,0.89%,Switzerland,Sports Tennis,131.3K
69,Manuel Obafemi Akanji @obafemi_36,434.7K,9.59%,Switzerland,Sports,130.4K
70,Noa Dorian @noa_dorian,430.4K,5.12%,Switzerland,Fashion and Accessories Lifestyle,129.1K
71,Daisy Gilardini @daisygilardini,424.2K,0.58%,Switzerland,Nature Adventure,127.3K
72,Nargiza Wisbey @nargo.star,422.8K,0.01%,Switzerland,,126.8K
73,IamColour @thecolourmemam,422.3K,2.72%,Switzerland,Beauty and Self Care,126.7K
74,คลับฮา💨 (ch) @clubha,418.9K,0.89%,Switzerland,Entertainment and Music,125.7K
75,Amir Asani @amir_asani13,418.8K,1.73%,Switzerland,Nature Travel,125.6K
76,Michèle Krüsi @thefashionfraction,418.3K,0.21%,Switzerland,Fashion and Accessories Business and Finance Lifestyle Celebrities,125.5K
77,ELISA B @elisabellareal,417.1K,0.05%,Switzerland,Fashion and Accessories Bikini Lifestyle,125.1K
78,NICK @nick_hartm,410.7K,3.58%,Switzerland,Home and Garden Fashion and Accessories Lifestyle Modeling,123.2K
79,𝘈𝘺𝘤𝘢𝘯 𝘚𝘦𝘯𝘤𝘢𝘯 @aycansencan,410.3K,0.52%,Switzerland,Fashion and Accessories Music Lifestyle Styling,123.1K
80,Yukiko Tanzi @foodie.yuki,407.4K,1.87%,Switzerland,Food Pets Recipes Vegan,122.2K
81,PhD & Business coach 🇺🇦🇺🇸🇨🇭 @irengoryn,404.3K,0.68%,Switzerland,,121.3K
82,Wesley Duong 🇨🇭 #chinesestyle @wesleyduong,400.1K,5.91%,Switzerland,Arts and Crafts,120K
83,Malwyn Burkhalter @naswyn,399.5K,0.69%,Switzerland,Entertainment and Music,119.9K
84,Shunsuke @shunsukecos,398.7K,15.27%,Switzerland,Fashion and Accessories Arts and Crafts Animation and Cosplay Celebrity,119.6K
85,Nicolas Huber @hubercop,390.7K,0.94%,Switzerland,Sports,117.2K
86,Anna Goncharova @hanna_redhead_fox,388.2K,1.22%,Switzerland,Fashion and Accessories Parenting Lifestyle,116.5K
87,Denisa S. 🧜‍♀️ @denisa.marie46,386.5K,0.59%,Switzerland,Fashion and Accessories Lifestyle,115.9K
88,Marco Odermatt @marcoodermatt,379.5K,8.75%,Switzerland,Video Gaming,113.9K
89,Michelle Bieri @michellebieri_,377.4K,5.88%,Switzerland,Fitness and Health Fashion and Accessories Product Education Coaching,113.2K
90,☀️Zsuzsanna W.🦋 @ladyenergyzsw,373.6K,1.55%,Switzerland,Fitness and Health family Bikini Coaching,112.1K
91,@ales2ndro here. @aless2ndro,370.9K,4.37%,Switzerland,Entertainment and Music Lifestyle,111.3K
92,Benjamin.M @benjaminmachet,370.5K,1.82%,Switzerland,Travel Lifestyle,111.2K
93,Njomëza Kastrati @couple.rn,368K,7.2%,Switzerland,Fashion and Accessories,110.4K
94,Amal Ben Abdallah @amoulalyly,367.2K,2.03%,Switzerland,Travel Modeling,110.2K
95,Debora Gabriella Cicciolina @deboragabriella_,366.4K,0.97%,Switzerland,Beauty and Self Care Lifestyle Health & Fitness Food & Drink,109.9K
96,Charles Legrand 🇨🇭 @legrandcharles,366.3K,2.23%,Switzerland,Fashion and Accessories Lifestyle,109.9K
97,𝗚𝗟𝗢𝗥𝗬 𝗖𝗢𝗟𝗟𝗔𝗚𝗘𝗡 (TH) @glory_officials,364K,0.09%,Switzerland,Food Modeling Lifestyle,109.2K
98,Zoë Pastelle @zoepastelle,360.8K,0.87%,Switzerland,Nature Arts and Crafts Acting and Drama Celebrity,108.2K
99,Carmen Ramona Bieri 🇨🇭 @carmenbieri_,360.3K,2.09%,Switzerland,Sports Fitness and Health,108.1K
100,Карина @matildamylove,358.2K,0.86%,Switzerland,Travel Fashion and Accessories Music,107.5K
