#,NAME,FOLLOWERS,ER,COUNTRY,TOPIC OF INFLUENCE,POTENTIAL REACH
1,James Rodríguez @jamesrodriguez10,1.4M,0.43%,Colombia,Sports,411.9K
2,MALUMA @maluma,1.2M,0.48%,Colombia,Entertainment & Music,357.8K
3,sujin kim @chinguamiga,717.8K,0.93%,Colombia,Animation & Cosplay,215.3K
4,SOL LEON ⏳🍑💋 @solleon21,266.9K,0.37%,Colombia,Fashion & Accessories family,80.1K
5,Daniela Rodriguez @danielarodrice,253.5K,1.95%,Colombia,Beauty & Self Care,76.1K
6,Sara Uribe @sara_uribe,249.1K,0.13%,Colombia,Beauty & Self Care family,74.7K
7,Para Damas Oficial @paradamaslaoficial,239.9K,0.22%,Colombia,Fashion & Accessories,72K
8,LUISA CASTRO✨ @luisa_castro1585,238.6K,0.55%,Colombia,,71.6K
9,EL TIEMPO @eltiempo,205.5K,0.16%,Colombia,News,61.7K
10,A M A 🤍 @amarantavp,196.3K,1.4%,Colombia,Entertainment & Music Romance & Wedding,58.9K
11,TULIO Recomienda @tuliorecomienda,189.9K,0.32%,Colombia,Food,57K
12,Gustavo Petro @gustavopetrourrego,186.8K,0.83%,Colombia,Politics,56K
13,ＭＡＴＴＥＬＳＡ @mattelsa,174.2K,0.44%,Colombia,Fashion & Accessories,52.3K
14,nejoelbroko @nejoelbroko,166.2K,0.17%,Colombia,Entertainment & Music,49.9K
15,Espacio de Mujeres @espaciodemujeres,163.9K,0.3%,Colombia,Beauty & Self Care,49.2K
16,Pipe Bueno @pipebueno,162.1K,0.26%,Colombia,Entertainment & Music,48.6K
17,Maria Pineda @mia_astral,159.5K,0.33%,Colombia,Education,47.8K
18,Suso el Paspi @susoelpaspi,157.2K,0.13%,Colombia,Comedy Entertainment & Music,47.1K
19,Amor Novios Frases @abcdamor,151.5K,0.2%,Colombia,Romance & Wedding,45.4K
20,Sara Orrego @saraorrego,145K,0.4%,Colombia,Entertainment & Music Fashion & Accessories,43.5K
21,Ricardo Quevedo @cejaspobladas,139.5K,1.67%,Colombia,Entertainment & Music,41.8K
22,Mafe Méndez 🦋 @lamafemendez,137.6K,0.35%,Colombia,Beauty & Self Care Fashion & Accessories,41.3K
23,ÚLTIMA HORA COL @ultimahoracol,130.8K,0.1%,Colombia,News,39.2K
24,Revista Semana @revistasemana,130.4K,-,Colombia,Education News & Politics,39.1K
25,DOCTOR JAVIER SOTO @drjaviersoto,130.2K,0.07%,Colombia,Beauty & Self Care,39K
26,JOHA FADUL @johannafadul,126.7K,0.3%,Colombia,Entertainment & Music,38K
27,Sebastian Carvajal @sebastiancarva,122.6K,1.57%,Colombia,,36.8K
28,BE⚡️ @belosmaki,121.2K,0.13%,Colombia,Fitness & Health,36.4K
29,Valery Altamar @valeryaltamar001,113.8K,0.55%,Colombia,Beauty & Self Care,34.1K
30,Camilo Pulgarin @jcamilopulgarin,112.9K,0.54%,Colombia,Entertainment & Music,33.9K
31,Alejandro Leiva (PiterAlbeiro) @piteralbeiro,110.6K,0.16%,Colombia,Fitness & Health Education Upskilling Entertainment & Music,33.2K
32,Catherine Siachoque Varoni @catherinesiachoque,110.6K,0.21%,Colombia,Acting & Drama,33.2K
33,NTN24 @ntn24,110.5K,0.02%,Colombia,News & Media,33.2K
34,KARINA GARCIA @karinagarciaoficiall,109.8K,0.23%,Colombia,Beauty & Self Care Food,32.9K
35,Fonseca @fonsecamusic,109.4K,-,Colombia,Entertainment & Music,32.8K
36,Atlético Nacional SA @nacionaloficial,108.6K,0.25%,Colombia,Sports,32.6K
37,𝐕𝐀𝐋𝐄𝐍𝐓𝐈𝐍𝐀 𝐆𝐀𝐑𝐙𝐎𝐍 @valentinagarzonc,104.3K,1.7%,Colombia,Romance & Wedding,31.3K
38,Daniel Patiño @paisa,103.3K,0.35%,Colombia,Entertainment & Music,31K
39,𝒞𝓇𝒾𝓈𝓉𝑜 𝓉𝑒 𝒶𝓂𝒶 @frases_cristianas777,102.4K,0.88%,Colombia,Education,30.7K
40,Felipe Peláez @felipepelaez,100.3K,0.09%,Colombia,Entertainment & Music,30.1K
41,Martina @martinalapeligrosa,100.3K,0.35%,Colombia,Entertainment & Music,30.1K
42,Pibe Valderrama @pibevalderramap,99.7K,0.58%,Colombia,Sports,29.9K
43,Acción Poetica Colombia 🔵 @accioncolombia,99.3K,0.41%,Colombia,Entertainment & Music,29.8K
44,Makeup Maquillaje Belleza @maquillaje.paramujeres,95.4K,0.49%,Colombia,Beauty & Self Care,28.6K
45,Eclipse Design SAS @eclipsedesignsas,91.8K,0.01%,Colombia,Arts & Crafts Home & Garden,27.5K
46,Lulu99 @luisalulu99,89.5K,0.88%,Colombia,Beauty & Self Care Fashion & Accessories,26.9K
47,Jonatan Clay @jonatanclay,88.9K,0.45%,Colombia,Entertainment & Music,26.7K
48,Claudia López 👍 @claudialopezcl,86.5K,-,Colombia,Politics,25.9K
49,Nicolas Arrieta @nicolasarrieta,81.4K,0.39%,Colombia,Entertainment & Music,24.4K
50,Dailyn Alejandra Montañez Guerrero @tremenda.show,78.7K,0.31%,Colombia,Entertainment & Music Romance & Wedding,23.6K
51,MrStivenTc @stiven.tc,75K,1.05%,Colombia,Entertainment & Music,22.5K
52,Yurielkys Ojeda 🕷 @yurielkys.ojeda,74.4K,1.39%,Colombia,Entertainment & Music,22.3K
53,Tian @tianbz,71.7K,0.33%,Colombia,Fashion & Accessories,21.5K
54,Mónica Rodríguez @monyrodriguezoficial,71.6K,0.17%,Colombia,Entertainment & Music family,21.5K
55,EL COLOMBIANO @elcolombiano_,70.6K,0.28%,Colombia,Education Life & Society,21.2K
56,La Pulla @lapullaopinion,69.7K,0.36%,Colombia,Education Life & Society,20.9K
57,SBQ Tienda Multimarca @sbqstore,68.9K,0.03%,Colombia,Fashion & Accessories,20.7K
58,BURBU ™️ @angeliqueburbu,68.7K,0.83%,Colombia,Religion & Spirituality,20.6K
59,Karmen Mestre @karmenmestre,68.1K,0.27%,Colombia,Entertainment & Music Business,20.4K
60,Mr Black El Presidente ® @mrblackelpresidente,65.1K,0.18%,Colombia,Entertainment & Music,19.5K
61,EL HERALDO @elheraldoco,65K,0.02%,Colombia,News & Information,19.5K
62,Erick Pabon @erick_pabon,64.8K,0.29%,Colombia,Fashion & Accessories,19.4K
63,VALERIA DUQUE 🔱 @valeriaduqueh,64.8K,0.3%,Colombia,Fashion & Accessories Beauty & Self Care,19.4K
64,Santas F.C @santasfutbolclub,64.6K,0.41%,Colombia,Sports Entertainment & Music,19.4K
65,Mostropi @mostropi,63.6K,0.35%,Colombia,Gifts Shopping,19.1K
66,LA MEJOR DECORACION® @lamejordecoracion,62.6K,0.02%,Colombia,Home & Garden,18.8K
67,Omar Geles @omargeles,62.3K,0.24%,Colombia,Music Entertainment & Music,18.7K
68,Andrea Tovar @andreatov,62.1K,0.16%,Colombia,Beauty & Self Care Fashion & Accessories family Food,18.6K
69,Charly @charlymariehumor,61.7K,0.26%,Colombia,Funny family,18.5K
70,Don Jediondo @donjediondo,60.7K,0.24%,Colombia,Entertainment & Music Funny,18.2K
71,Cine Colombia @cinecolombia,60.5K,0.48%,Colombia,Entertainment & Music,18.1K
72,Estefania Borge/ Health Coach @estefiborge,58.5K,0.15%,Colombia,Fitness & Health Food Education,17.5K
73,Boyacoman @boyacoman,56.3K,0.18%,Colombia,Entertainment & Music Funny,16.9K
74,🌟La Doctora de las Estrellas🌟 @dranitavergara,56.2K,0.07%,Colombia,Beauty & Self Care,16.9K
75,NAPOLEONE JOYAS ®️ @napoleonejoyas,55.3K,0.09%,Colombia,Fashion & Accessories,16.6K
76,#misspeinados @miss.peinados,54.8K,0.09%,Colombia,,16.4K
77,Laurita Acuña - Presentadora @lauraacunaayala,54.2K,0.3%,Colombia,Entertainment & Music,16.2K
78,Nanis Ochoa-Actriz🎭 @nanis8a,53.4K,0.14%,Colombia,family Motherhood,16K
79,Bogotaeats @bogotaeats,53.3K,0.23%,Colombia,Food,16K
80,MATTIAS V.E.G.A @mattiasvga,51.8K,0.05%,Colombia,Acting & Drama Entertainment & Music Fitness & Health,15.5K
81,Leidy Duran Ayala @leidyduranayala,50.2K,0.05%,Colombia,Fashion & Accessories,15.1K
82,Juan Manuel ⭐️ Chef🇨🇴 @juanmaelcielo,49.8K,0.05%,Colombia,Food,14.9K
83,Canal 1 @canal1col,49.5K,0.08%,Colombia,Entertainment & Music,14.9K
84,Karen Lizarazo @karenlizarazoo,49.1K,0.25%,Colombia,Entertainment & Music,14.7K
85,Martin Elias Jr Diaz Varon @martineliasjr,47.9K,0.75%,Colombia,Entertainment & Music Fashion & Accessories,14.4K
86,Valentina Gallego M @valentinagallegom1,47.9K,0.33%,Colombia,Animals Pets,14.4K
87,Novias Vestidos Fiesta @sonvestidos,46K,0.13%,Colombia,Romance & Wedding,13.8K
88,𝙲𝚊𝚝𝚊 𝙶𝚘𝚖𝚎𝚣 𝙿𝚒𝚎𝚍𝚛𝚊𝚑𝚒𝚝𝚊 @catagomezpi,45.9K,0.04%,Colombia,Entertainment & Music,13.8K
89,Jordan @jordanhurtado1,45.4K,0.3%,Colombia,Entertainment & Music,13.6K
90,Megaplex Stars @megaplexstars,45.3K,0.08%,Colombia,Fitness & Health,13.6K
91,Jeison Giraldo @jeison_giraldo1,45.2K,0.8%,Colombia,Fashion & Accessories Upskilling,13.6K
92,ALKILADOS @alkilados,44.9K,0.07%,Colombia,Entertainment & Music,13.5K
93,𝗔𝗡𝗔 𝗗𝗘𝗟 𝗖𝗔𝗦𝗧𝗜𝗟𝗟𝗢 @anadelcastilloj,43.5K,1.5%,Colombia,Arts & Crafts Product Showcase,13K
94,Daniela Giraldo @danielagiraldo.1,43.2K,0.49%,Colombia,Entertainment & Music Fashion & Accessories,13K
95,SIAM @gruposiam,43K,0.34%,Colombia,Entertainment & Music,12.9K
96,NAVISSI @navissiclothing,41.8K,0.12%,Colombia,Fashion & Accessories,12.5K
97,PlanetaJuan @planetajuan,41.5K,0.91%,Colombia,Travel,12.4K
98,Cata Gómez @apuntesdecata,41K,0.28%,Colombia,Entertainment & Music TV & Film,12.3K
99,Christian Byfield Travel @byfieldtravel,40.5K,0.31%,Colombia,Travel Photography Product Education,12.1K
100,Marialejandra Manotas Velez @marimanotas,40.3K,0.13%,Colombia,Product Showcase Auto and Vehicles,12.1K
