#,NAME,FOLLOWERS,ER,LAND,EINFLUSSTHEMA,POTENZIELLE REICHWEITE,SPEICHERN,Zu Kampagne einladen
1,Love Pattranite (เลิฟ) @loverrukk,177.9K,2.66%,Thailand,Entertainment & Music,53.4K,,Profil anzeigen
2,Mook Worranit Thawornwong @mookworranit,142.5K,1.56%,Thailand,,42.8K,,Profil anzeigen
3,J @jaylerr,138.6K,3.71%,Thailand,Entertainment & Music,41.6K,,Profil anzeigen
4,Chanon Santinatornkul @nonkul,123.2K,1.46%,Thailand,Arts & Crafts,37K,,Profil anzeigen
5,Violette Wautier @violettewautier,114.4K,0.92%,Thailand,Entertainment & Music,34.3K,,Profil anzeigen
6,EARTH KATSAMONNAT @cooheart,113.6K,3.73%,Thailand,Arts & Crafts,34.1K,,Profil anzeigen
7,Siraphop Manithikhun 陈欣博 @net_siraphop,103.5K,15.16%,Thailand,Acting & Drama,31.1K,,Profil anzeigen
8,MARCH @marchutavuth,96.3K,1.09%,Thailand,Acting & Drama,28.9K,,Profil anzeigen
9,Margie Balenciaga @margie_rasri,95.4K,0.55%,Thailand,Acting & Drama Reisen,28.6K,,Profil anzeigen
10,Thanawat Rattanakitpaisan @khaotungg,95.3K,8.65%,Thailand,Entertainment & Music,28.6K,,Profil anzeigen
11,Woonsen @vjwoonsen,88.9K,0.37%,Thailand,,26.7K,,Profil anzeigen
12,Kay Lertsittichai @kayavine,84.9K,2.09%,Thailand,Acting & Drama,25.5K,,Profil anzeigen
13,Sushar M. @aom_sushar,84.2K,0.74%,Thailand,Acting & Drama,25.3K,,Profil anzeigen
14,ปันโปร @punpromotion,84.2K,0.28%,Thailand,Entertainment & Music,25.3K,,Profil anzeigen
15,Amanda Obdam @amanda.obdam,82.9K,1.12%,Thailand,Entertainment & Music,24.9K,,Profil anzeigen
16,Thanapob Leeratanakachorn @thanapob_lee,73.2K,2.4%,Thailand,Acting & Drama,21.9K,,Profil anzeigen
17,URBOYTJ @urboytj,71K,1.6%,Thailand,Entertainment & Music,21.3K,,Profil anzeigen
18,TamaGodji @tamagodji,69.9K,1.79%,Thailand,Entertainment & Music Lustig,21K,,Profil anzeigen
19,🌱BEBE🤸🏻‍♀️ @thisisbebe,68.4K,0.93%,Thailand,Fitness & Health,20.5K,,Profil anzeigen
20,Sattaphong Phiangphor @taophiangphor,63.7K,2.35%,Thailand,Geschäft Essen,19.1K,,Profil anzeigen
21,Chanathip Songkrasin @jaychanathip,62.5K,0.8%,Thailand,Sport,18.7K,,Profil anzeigen
22,Rinrada Thurapan @yoshirinrada,56.7K,2.54%,Thailand,Beauty & Self Care Fashion & Accessories,17K,,Profil anzeigen
23,Chutimon Chuengcharoensukying @aokbab,54.6K,0.01%,Thailand,Entertainment & Music,16.4K,,Profil anzeigen
24,CisT @ccaptainch,52.9K,0.83%,Thailand,Fotografie,15.9K,,Profil anzeigen
25,Kio Cyr @kiocyr,51.6K,0.75%,Thailand,Acting & Drama,15.5K,,Profil anzeigen
26,pongsak rattanaphong 4159 @aofpongsak,49.5K,0.61%,Thailand,Entertainment & Music,14.9K,,Profil anzeigen
27,Bsumettikul @biblesumett,48.2K,42.99%,Thailand,Bildung,14.4K,,Profil anzeigen
28,THAILAND 🇹🇭 @thailand,47.7K,0.91%,Thailand,Reisen Tourism Abenteuer,14.3K,,Profil anzeigen
29,Kamolned @kamolned,47.4K,1.48%,Thailand,Essen Produktvitrine,14.2K,,Profil anzeigen
30,Sarah Alana Gibson @sarahgibson21,45.7K,0.63%,Thailand,Beauty & Self Care Produktbildung,13.7K,,Profil anzeigen
31,Starvingtime @starvingtime,44.5K,0.29%,Thailand,Essen,13.4K,,Profil anzeigen
32,Gabriela Fadel @gabbiefadel,44.1K,0.47%,Thailand,Acting & Drama Entertainment & Music,13.2K,,Profil anzeigen
33,Nicole Wong | Instagram tips @heynicolewong,43.6K,0.18%,Thailand,Bildung Fashion & Accessories,13.1K,,Profil anzeigen
34,Sky Sins @skysins,40.6K,0.28%,Thailand,Fitness & Health,12.2K,,Profil anzeigen
35,GMM25 Official @gmm25thailand,39.7K,0.7%,Thailand,Entertainment & Music,11.9K,,Profil anzeigen
36,Ying Yae หญิงแย้ นนทพร @yae_uunws,38.9K,0.31%,Thailand,,11.7K,,Profil anzeigen
37,FLAMINGO 🦩 @aye_sarun,38.3K,3.77%,Thailand,Fashion & Accessories Haustiere,11.5K,,Profil anzeigen
38,MP 15.15 @milephakphum,37.4K,10.61%,Thailand,Art & Crafts,11.2K,,Profil anzeigen
39,@ratchanokmay,37.2K,1.13%,Thailand,Sport,11.2K,,Profil anzeigen
40,DABOYWAY @daboyway,37K,0.17%,Thailand,Entertainment & Music,11.1K,,Profil anzeigen
41,XX @porsche.sivk,36.3K,3.48%,Thailand,Auto und Fahrzeuge,10.9K,,Profil anzeigen
42,Rhatha Yaya Phongam @realyingrhatha,36.2K,0.17%,Thailand,Natur Tiere,10.8K,,Profil anzeigen
43,🌜junji. จันจิ.🌛 @junji_junp,35.3K,0.57%,Thailand,Tiere Haustiere,10.6K,,Profil anzeigen
44,𝗝 𝗘 𝗙 𝗙 𝗦 𝗔 𝗧 𝗨 𝗥 (罗杰夫) @jeffsatur,34.4K,34.23%,Thailand,Entertainment & Music,10.3K,,Profil anzeigen
45,กอล์ฟมาเยือน @golfwashere,34.2K,2%,Thailand,Natur Fotografie,10.3K,,Profil anzeigen
46,ช่อง เวิร์คพอยท์ กดหมายเลข 23📺 @workpoint,32.7K,0.4%,Thailand,Entertainment & Music,9.8K,,Profil anzeigen
47,TILLYBIRDS @tillybirds,31.4K,1.81%,Thailand,Entertainment & Music,9.4K,,Profil anzeigen
48,Nisamanee Lertvorapong @nisamanee_nutt,31K,1.15%,Thailand,Fashion & Accessories,9.3K,,Profil anzeigen
49,ชีวิตติดรีวิว @tid_review,31K,0.62%,Thailand,Essen Reisen Review,9.3K,,Profil anzeigen
50,Toni Rakkaen @tonirakkaen,30.9K,1.05%,Thailand,Beauty & Self Care,9.3K,,Profil anzeigen
51,joeyboy @joeybangkokboy,30.7K,0.58%,Thailand,Essen,9.2K,,Profil anzeigen
52,EatGuide Food Dessert Bangkok @eatguide,30.2K,0.36%,Thailand,Essen Reisen,9.1K,,Profil anzeigen
53,PANITA N @ningpanita,29.1K,0.9%,Thailand,Beauty & Self Care,8.7K,,Profil anzeigen
54,Dari K @riety.pahn,28.5K,1.01%,Thailand,Arts & Crafts,8.5K,,Profil anzeigen
55,𝗠𝗶𝘀𝘀 𝗚𝗿𝗮𝗻𝗱 𝗧𝗵𝗮𝗶𝗹𝗮𝗻𝗱 @missgrandthailand,28.2K,2.73%,Thailand,Entertainment & Music Beauty & Self Care Fashion & Accessories,8.5K,,Profil anzeigen
56,PD @pimtdao,28.2K,0.55%,Thailand,Art & Crafts DIY & Life Hacks Aktivitäten im Freien,8.5K,,Profil anzeigen
57,แจ็คกี้ ชาเคอลีน มึ้นช์ 2366 @jackie_jacqueline,28.1K,1.01%,Thailand,Acting & Drama,8.4K,,Profil anzeigen
58,TubTim Ruby Mallika @tubtimofficial,27.2K,0.45%,Thailand,Beauty & Self Care Fashion & Accessories Arts & Crafts,8.2K,,Profil anzeigen
59,bambinoe 💯 @bam_pitipatt,27.1K,1.61%,Thailand,Entertainment & Music,8.1K,,Profil anzeigen
60,wonderingpango @wonderingpango,26.7K,0.7%,Thailand,Natur Reisen,8K,,Profil anzeigen
61,Lanlalyn Suntornpat @poiluang_cooking,26.6K,0.07%,Thailand,Essen,8K,,Profil anzeigen
62,🦋 𝑾𝒂𝒊𝒊 🦖 @waiiwaii.p,25.5K,0.67%,Thailand,,7.7K,,Profil anzeigen
63,เอแคลร์เพจจือปาก @juepakofficial,25.4K,0.64%,Thailand,Beauty & Self Care,7.6K,,Profil anzeigen
64,𝐶𝑖𝑒𝑙 | 𝐾𝑖𝑟𝑢𝑎 @synthe.siz,25.3K,3.79%,Thailand,,7.6K,,Profil anzeigen
65,Aerin Y. Bencharongkul @aerinyuktadatta,24.8K,0.34%,Thailand,Entertainment & Music,7.4K,,Profil anzeigen
66,Apple Lapisara Intarasut🍀 @applelapisara,24.4K,0.23%,Thailand,Acting & Drama Entertainment & Music,7.3K,,Profil anzeigen
67,ThairathTV @thairathtv,24.2K,0.3%,Thailand,Entertainment & Music,7.3K,,Profil anzeigen
68,Gun Gun @gun_guntawid,23.7K,2.32%,Thailand,Fitness & Health,7.1K,,Profil anzeigen
69,หมีมีหม้อ @mheememhor,23.1K,0.24%,Thailand,Beauty & Self Care,6.9K,,Profil anzeigen
70,Sheranut Yusananda @namcha_tea,22.8K,0.22%,Thailand,Essen,6.8K,,Profil anzeigen
71,Paweenut Pangnakorn @ugly_pookie,22.5K,0.65%,Thailand,Entertainment & Music,6.7K,,Profil anzeigen
72,Papang Phromphiriya @papangpt,21.5K,2.67%,Thailand,Entertainment & Music,6.5K,,Profil anzeigen
73,Amata Chittasenee @pearypie,21.4K,0.48%,Thailand,Natur Essen,6.4K,,Profil anzeigen
74,☆ 🖤 ☆ @hwanjeabjeab,20.9K,0.53%,Thailand,Entertainment & Music,6.3K,,Profil anzeigen
75,🇹🇭 Bas Gowentgo @bas_gowentgo,20.9K,1.75%,Thailand,Fotografie Reisen,6.3K,,Profil anzeigen
76,G Napat na Ranong @gunnapatn,20.5K,2.24%,Thailand,Entertainment & Music,6.1K,,Profil anzeigen
77,4U2 Cosmetics @4u2cosmetics,20.4K,0.27%,Thailand,Beauty & Self Care,6.1K,,Profil anzeigen
78,Gam Wichayanee @gamwichayanee,20.3K,1.62%,Thailand,Arts & Crafts Musik,6.1K,,Profil anzeigen
79,㋡ BENZALERT NATTHAPONG PATHONG ㋡ @bbenzalert,20.1K,2.04%,Thailand,Auto und Fahrzeuge,6K,,Profil anzeigen
80,Tubtim Pb @tubtimaekky,19.8K,1.38%,Thailand,Entertainment & Music Life & Society,5.9K,,Profil anzeigen
81,Bon by Visa Wangsuphachart @bon_appetitbkk,19.3K,0.16%,Thailand,Essen Reisen,5.8K,,Profil anzeigen
82,MTA - Muay Thai Authority @muaythaiauthority,19.3K,0.32%,Thailand,Sport,5.8K,,Profil anzeigen
83,Nalinna Choochot @nalinnaaa,19.1K,1.05%,Thailand,Fashion & Accessories,5.7K,,Profil anzeigen
84,ข่าวช่องวัน @onenews31,19.1K,0.5%,Thailand,News & Current Affairs,5.7K,,Profil anzeigen
85,CDGUNTEEE💿 @gunteee,18.8K,-,Thailand,Entertainment & Music,5.6K,,Profil anzeigen
86,Napat Chokejindachai @toptapp_nc,18.6K,0.31%,Thailand,Fashion & Accessories,5.6K,,Profil anzeigen
87,Thai PBS ไทยพีบีเอส @thaipbs,18.6K,0.18%,Thailand,Entertainment & Music television,5.6K,,Profil anzeigen
88,LAZADA.co.th @lazada_th,18.2K,0.08%,Thailand,Produktvitrine,5.5K,,Profil anzeigen
89,Foodie Munchies @foodie.munchies,18K,0.06%,Thailand,Essen,5.4K,,Profil anzeigen
90,Poomjai Tangsanga @djpoom,17.9K,0.66%,Thailand,Entertainment & Music,5.4K,,Profil anzeigen
91,Greenkungz | 林亦乐 @greenkungz,17.6K,0.59%,Thailand,Sport Aktivitäten im Freien,5.3K,,Profil anzeigen
92,Courage Osadolor @2020photography3,17.3K,0.49%,Thailand,Fotografie,5.2K,,Profil anzeigen
93,Carissa คารีสา @carissa_spg,17.1K,0.34%,Thailand,Beauty & Self Care Fashion & Accessories,5.1K,,Profil anzeigen
94,THITIPHAT CHANKAEW @folktagram,16.8K,3.9%,Thailand,Reisen Fotografie,5K,,Profil anzeigen
95,KAZZ MAGAZINE @kazzmagazine,16.2K,1.46%,Thailand,Fashion & Accessories Lebensstil,4.9K,,Profil anzeigen
96,Alina Lando @lando_alina,16.2K,1.05%,Thailand,Fitness & Health,4.9K,,Profil anzeigen
97,Warinda Damrongphol @djdada,16.2K,0.82%,Thailand,Entertainment & Music,4.8K,,Profil anzeigen
98,SIAM BOXING @siamboxing,15.9K,0.12%,Thailand,Sport Produktvitrine,4.8K,,Profil anzeigen
99,Anan Ekchaweng @anan.ped,15.7K,1.76%,Thailand,Acting & Drama,4.7K,,Profil anzeigen
100,Proud Oranicha K. @proud_olives,15.7K,0.76%,Thailand,Entertainment & Music,4.7K,,Profil anzeigen
