#,نام,دنبال کنندگان,نرخ درگیری,کشور,موضوع تاثیرگذاری,رسانه پاتانسیل,ذخیره,دعوت به کمپین
1,Neymar Jr @neymarjr,220.1M,-,برزیل,ورزش فوتبال ورزشکار,66M,,مشاهده پروفایل
2,Ronaldo de Assis Moreira @ronaldinho,75.8M,0.35%,برزیل,ورزش اتومبیل فوتبال,22.7M,,مشاهده پروفایل
3,Shawn Mendes @shawnmendes,73M,0.03%,برزیل,موسیقی خواننده ترانه سرا موسیقی دان,21.9M,,مشاهده پروفایل
4,Marcelo Vieira @marcelotwelve,67.6M,0.49%,برزیل,ورزش فوتبال,20.3M,,مشاهده پروفایل
5,Anitta 🎤 @anitta,65.1M,0.6%,برزیل,هنر سرگرمی و موسیقی موسیقی خواننده,19.5M,,مشاهده پروفایل
6,Whindersson Nunes @whinderssonnunes,59.7M,1.02%,برزیل,سرگرمی و موسیقی بسیار خنده دار مشهور کمدی,17.9M,,مشاهده پروفایل
7,Tata Werneck @tatawerneck,57.2M,0.02%,برزیل,سرگرمی و موسیقی بازیگران هنرمند,17.2M,,مشاهده پروفایل
8,Larissa Manoela @larissamanoela,54.3M,0.21%,برزیل,هنر بازیگری و درام مد و لوازم جانبی سرگرمی و موسیقی,16.3M,,مشاهده پروفایل
9,+A @maisa,48.4M,0.21%,برزیل,بازیگری و درام موسیقی خواننده,14.5M,,مشاهده پروفایل
10,Bruna Marquezine @brunamarquezine,45.2M,0.04%,برزیل,هنر زیبایی و مراقبت از خود مد و لوازم جانبی هنرهای تجربی,13.6M,,مشاهده پروفایل
11,Gusttavo Lima @gusttavolima,44.6M,0.15%,برزیل,سرگرمی و موسیقی عشق و ازدواج خواننده,13.4M,,مشاهده پروفایل
12,Vinicius Jr. ⚡️🇧🇷 @vinijr,43.5M,5.32%,برزیل,ورزش فوتبال,13.1M,,مشاهده پروفایل
13,Marina Ruy Barbosa @marinaruybarbosa,42.3M,0.09%,برزیل,بازیگری و درام مد و لوازم جانبی مشهور بازیگران,12.7M,,مشاهده پروفایل
14,Marilia Mendonça @mariliamendoncacantora,41.7M,0.61%,برزیل,سرگرمی و موسیقی خواننده موسیقی,12.5M,,مشاهده پروفایل
15,Daniel Alves @danialves,36.5M,0.03%,برزیل,ورزش فوتبال,10.9M,,مشاهده پروفایل
16,Veveta @ivetesangalo,36.4M,0.47%,برزیل,سرگرمی و موسیقی مجری تلویزیونی بازیگران موسیقی,10.9M,,مشاهده پروفایل
17,Paolla Oliveira @paollaoliveirareal,35.9M,0.33%,برزیل,بازیگری و درام زندگی بازیگران,10.8M,,مشاهده پروفایل
18,Luan Santana @luansantana,35.3M,0.28%,برزیل,سرگرمی و موسیقی خواننده موسیقی,10.6M,,مشاهده پروفایل
19,Viih Tube @viihtube,32.3M,0.05%,برزیل,خانواده زیبایی و مراقبت از خود سرگرمی و موسیقی مدلسازی,9.7M,,مشاهده پروفایل
20,Eliana Michaelichen @eliana,31.8M,0.26%,برزیل,هنر برنامه های تلویزیونی موسیقی بازیگران,9.6M,,مشاهده پروفایل
21,LUÍSA SONZA @luisasonza,31.7M,1.01%,برزیل,سرگرمی و موسیقی موسیقی زندگی خواننده,9.5M,,مشاهده پروفایل
22,Sabrina Sato @sabrinasato,31.4M,0.02%,برزیل,سرگرمی و موسیقی بازیگری و درام اتومبیل مجری تلویزیونی,9.4M,,مشاهده پروفایل
23,Juliette @juliette,31.1M,0.41%,برزیل,سرگرمی و موسیقی هنرمند,9.3M,,مشاهده پروفایل
24,Juliana Paes @julianapaes,30.8M,0.05%,برزیل,بازیگری و درام مشهور تجسم,9.2M,,مشاهده پروفایل
25,LUDMILLA @ludmilla,30.2M,0.45%,برزیل,سرگرمی و موسیقی موسیقی خواننده ترانه سرا,9.1M,,مشاهده پروفایل
26,JoJo @jojotodynho,30M,2.13%,برزیل,سرگرمی و موسیقی ترانه سرا,9M,,مشاهده پروفایل
27,Giovanna Ewbank @gioewbank,29.4M,0.2%,برزیل,خانواده سرگرمی و موسیقی مشهور مدلسازی,8.8M,,مشاهده پروفایل
28,isis valverde @isisvalverde,29M,0.04%,برزیل,هنر مشهور زندگی بازیگران,8.7M,,مشاهده پروفایل
29,KEVINHO @kevinho,27.3M,0.92%,برزیل,سرگرمی و موسیقی موسیقی خواننده,8.2M,,مشاهده پروفایل
30,BAD MI ⚡️ MC MIRELLA @mirella,26.6M,2.3%,برزیل,سرگرمی و موسیقی بازاریابی و تبلیغات,8M,,مشاهده پروفایل
31,Deborah Secco @dedesecco,26.5M,0.12%,برزیل,مشهور بازیگران مشاهیر طراحی,8M,,مشاهده پروفایل
32,Fábio de Melo @pefabiodemelo,26.1M,0.23%,برزیل,سرگرمی و موسیقی زندگی,7.8M,,مشاهده پروفایل
33,Rodrigo Faro @rodrigofaro,25.8M,0.17%,برزیل,سرگرمی و موسیقی مشهور خواننده بازیگران,7.7M,,مشاهده پروفایل
34,Coldplay @coldplay,25.8M,1.46%,برزیل,موسیقی خواننده راک,7.7M,,مشاهده پروفایل
35,Nicole Bahls @nicolebahls,25.6M,0.3%,برزیل,مد و لوازم جانبی مدلسازی مشاهیر طنز,7.7M,,مشاهده پروفایل
36,Claudia Leitte @claudialeitte,25.5M,0.05%,برزیل,سرگرمی و موسیقی موسیقی خواننده,7.6M,,مشاهده پروفایل
37,Philippe Coutinho @phil.coutinho,24.9M,1.56%,برزیل,فوتبال,7.5M,,مشاهده پروفایل
38,Gabriel Jesus @dejesusoficial,23.2M,1.42%,برزیل,سرگرمی و موسیقی زندگی و جامعه فوتبال,7M,,مشاهده پروفایل
39,MEL MAIA 🍯 @melissamelmaia,22.8M,1.04%,برزیل,سرگرمی و موسیقی موسیقی,6.9M,,مشاهده پروفایل
40,Richarlison @richarlison,22.7M,2.54%,برزیل,ورزش فوتبال,6.8M,,مشاهده پروفایل
41,Bruno Gagliasso @brunogagliasso,22.4M,0.51%,برزیل,مشهور بازیگران مشاهیر طنز,6.7M,,مشاهده پروفایل
42,Simone e Simaria @simoneesimaria,22.1M,0.47%,برزیل,سرگرمی و موسیقی باند مشاهیر حیوانات و خانمانی,6.6M,,مشاهده پروفایل
43,LUCAS RANGEL @lucasranngel,22.1M,1.93%,برزیل,زیبایی و مراقبت از خود تجارت و امور مالی موسیقی زندگی,6.6M,,مشاهده پروفایل
44,Rafa Kalimann @rafakalimann,21.9M,0.2%,برزیل,زندگی و جامعه مدلسازی,6.6M,,مشاهده پروفایل
45,Júlio Cocielo Estaniecki @cocielo,21.8M,2.6%,برزیل,سرگرمی و موسیقی مشهور بازیگران کمدی,6.5M,,مشاهده پروفایل
46,Marcos Mion @marcosmion,21.7M,1.43%,برزیل,سرگرمی و موسیقی تجارت و امور مالی مشهور,6.5M,,مشاهده پروفایل
47,Fernanda Souza @fernandasouzaoficial,21.7M,0.05%,برزیل,هنر خواننده بازیگران موسیقی,6.5M,,مشاهده پروفایل
48,Mari Maria @marimaria,21.7M,0.35%,برزیل,زیبایی و مراقبت از خود استایلینگ هنرمند,6.5M,,مشاهده پروفایل
49,Gisele Bündchen @gisele,21.5M,2.21%,برزیل,مد مدلسازی,6.5M,,مشاهده پروفایل
50,Everson Silva @tirullipa,21.4M,0.5%,برزیل,طنز,6.4M,,مشاهده پروفایل
51,Camila Queiroz @camilaqueiroz,21.4M,0.61%,برزیل,هنر بازیگران,6.4M,,مشاهده پروفایل
52,Rafael Vitti @rafaavitti,21.3M,0.24%,برزیل,بسیار خنده دار بازیگران مشاهیر حیوانات و خانمانی,6.4M,,مشاهده پروفایل
53,Luiz Bacci @luizbacci,21.1M,0.18%,برزیل,سرگرمی و موسیقی روزنامه نگاران شخصیت عمومی,6.3M,,مشاهده پروفایل
54,GKAY @gessicakayane,20.8M,1.27%,برزیل,مد و لوازم جانبی طنز مشاهیر حیوانات و خانمانی,6.2M,,مشاهده پروفایل
55,@caiocastro,20.5M,0.21%,برزیل,اتومبیل و سایر خودروها ورزش مرور اینترنتی بازیگران,6.2M,,مشاهده پروفایل
56,Lexa @lexa,20.5M,0.29%,برزیل,سرگرمی و موسیقی موسیقی خواننده مشاهیر,6.2M,,مشاهده پروفایل
57,Iran Ferreira @luvadepedreiro,20.5M,9.23%,برزیل,بسیار خنده دار,6.2M,,مشاهده پروفایل
58,Luciano Huck @lucianohuck,20.3M,0.78%,برزیل,سرگرمی مجری تلویزیونی برنامه های تلویزیونی,6.1M,,مشاهده پروفایل
59,NALDO ⭐️ @naldobenny,20.2M,0.16%,برزیل,سرگرمی و موسیقی خواننده,6.1M,,مشاهده پروفایل
60,David Luiz @davidluiz23,20.2M,1.4%,برزیل,ورزش فوتبال,6.1M,,مشاهده پروفایل
61,Giovanna Antonelli @giovannaantonelli,19.8M,0.17%,برزیل,سرگرمی و موسیقی بازیگران,5.9M,,مشاهده پروفایل
62,Jair M. Bolsonaro @jairmessiasbolsonaro,19.7M,1.3%,برزیل,سیاست,5.9M,,مشاهده پروفایل
63,Juliana Salimeni 💖 @jujusalimeni,19.4M,0.1%,برزیل,تناسب اندام و سلامتی سرگرمی و موسیقی مدلسازی,5.8M,,مشاهده پروفایل
64,Flavia Pavanelli | 𝘼𝙘𝙩𝙧𝙚𝙨𝙨 • 𝙁𝙖𝙨𝙝𝙞𝙤𝙣 • 𝘽𝙚𝙖𝙪𝙩𝙮 @flaviapavanelli,19.3M,0.07%,برزیل,مد و لوازم جانبی زیبایی و مراقبت از خود بازاریابی و تبلیغات زندگی,5.8M,,مشاهده پروفایل
65,Camila Loures @camilaloures,19M,1.19%,برزیل,سرگرمی و موسیقی تجارت و امور مالی ویدئوبلاگ نویس طنز,5.7M,,مشاهده پروفایل
66,Jorge e Mateus @jorgeemateus,18.9M,0.23%,برزیل,سرگرمی و موسیقی موسیقی,5.7M,,مشاهده پروفایل
67,David Michigan ⚡️ @davidmichigan,18.5M,0.02%,برزیل,آموزش ارتقای مهارت ها مشهور مشاهیر,5.5M,,مشاهده پروفایل
68,IZA @iza,17.6M,0.49%,برزیل,سرگرمی و موسیقی موسیقی خواننده,5.3M,,مشاهده پروفایل
69,Tainá Costa @taina,17.6M,0.07%,برزیل,سرگرمی و موسیقی بازاریابی و تبلیغات مدلسازی,5.3M,,مشاهده پروفایل
70,Lucas Lucco @lucaslucco,17.6M,0.2%,برزیل,هنر خواننده زندگی,5.3M,,مشاهده پروفایل
71,Ana Hickmann @ahickmann,17.5M,1.56%,برزیل,مد و لوازم جانبی ویدئوبلاگ نویس,5.2M,,مشاهده پروفایل
72,Pelé Foundation @pele,17.4M,2.24%,برزیل,ورزش تجارت و امور مالی فوتبال,5.2M,,مشاهده پروفایل
73,Felipe Neto 🦉 @felipeneto,17.4M,1.05%,برزیل,سرگرمی و موسیقی مشاهیر فیلم، موسیقی و کتاب حیوانات و خانمانی,5.2M,,مشاهده پروفایل
74,Kéfera Buchmann @kefera,17.1M,0.35%,برزیل,سرگرمی و موسیقی مشهور بازیگران مدلسازی,5.1M,,مشاهده پروفایل
75,Adriana Lima @adrianalima,16.7M,1.58%,برزیل,تناسب اندام و سلامتی مدلسازی,5M,,مشاهده پروفایل
76,Leonardo @leonardo,16.6M,0.4%,برزیل,سرگرمی و موسیقی موسیقی,5M,,مشاهده پروفایل
77,Henrique e Juliano @henriqueejuliano,15.8M,0.28%,برزیل,سرگرمی و موسیقی,4.7M,,مشاهده پروفایل
78,Lorena Improta @loreimprota,15.7M,0.78%,برزیل,سرگرمی و موسیقی رقص سلامتی و تناسب اندام موها و زیبایی,4.7M,,مشاهده پروفایل
79,Franciny Ehlke @francinyehlke,15.6M,1.42%,برزیل,زیبایی و مراقبت از خود مشاهیر حیوانات و خانمانی,4.7M,,مشاهده پروفایل
80,Mirella Santos @eumirellasantos,15.6M,9.33%,برزیل,تناسب اندام و سلامتی مدلسازی,4.7M,,مشاهده پروفایل
81,R O B E R T O F I R M I N O @roberto_firmino,15.5M,1.93%,برزیل,ورزش فوتبال,4.6M,,مشاهده پروفایل
82,Manu Gavassi @manugavassi,15.4M,0.23%,برزیل,سرگرمی و موسیقی بازیگران مشاهیر فیلم، موسیقی و کتاب,4.6M,,مشاهده پروفایل
83,Andressa Suita @andressasuita,15.3M,0.48%,برزیل,مد و لوازم جانبی خانواده مدلسازی مشاهیر,4.6M,,مشاهده پروفایل
84,troye sivan @troyesivan,15.3M,3.53%,برزیل,مد بازیگران هنر,4.6M,,مشاهده پروفایل
85,Luara Fonseca @luara,15.2M,0.91%,برزیل,,4.6M,,مشاهده پروفایل
86,Thais Fersoza @tatafersoza,15.1M,0.18%,برزیل,هنر زندگی بازیگران مشاهیر,4.5M,,مشاهده پروفایل
87,MC POCAHONTAS @pocah,15M,0.36%,برزیل,سرگرمی و موسیقی خواننده مشاهیر سلامتی و تناسب اندام,4.5M,,مشاهده پروفایل
88,Viviane Araujo @araujovivianne,15M,0.37%,برزیل,بازیگری و درام مشهور بازیگران سلامتی و تناسب اندام,4.5M,,مشاهده پروفایل
89,Sophia Valverde® @sophiavalverde,15M,0.68%,برزیل,بازیگران مشاهیر مد موها و زیبایی,4.5M,,مشاهده پروفایل
90,Emily Garcia @e_milygarcia,14.9M,2.71%,برزیل,بازیگران,4.5M,,مشاهده پروفایل
91,Vivi @vivi,14.8M,0.49%,برزیل,سرگرمی و موسیقی,4.4M,,مشاهده پروفایل
92,𝕮𝖎𝖓𝖙𝖍𝖎𝖆 ✞ @cinthiacruz_,14.5M,0.41%,برزیل,سرگرمی و موسیقی مد و لوازم جانبی مشهور موسیقی,4.4M,,مشاهده پروفایل
93,Celso Portiolli @celsoportiolli,14.4M,0.24%,برزیل,سرگرمی و موسیقی مجری تلویزیونی,4.3M,,مشاهده پروفایل
94,Tati Zaqui 👽 @tatizaqui,14.4M,0.53%,برزیل,سرگرمی و موسیقی موسیقی خواننده,4.3M,,مشاهده پروفایل
95,Gabriella Saraivah @gabriellasaraivah,14.2M,1.33%,برزیل,بازیگری و درام مشهور موسیقی طنز,4.2M,,مشاهده پروفایل
96,Arthur Aguiar @arthuraguiar,14M,1.19%,برزیل,سرگرمی و موسیقی مد و لوازم جانبی خواننده بازیگران,4.2M,,مشاهده پروفایل
97,Rodrygo Goes - RG 💜⚡️🇧🇷 @rodrygogoes,14M,4.43%,برزیل,ورزش,4.2M,,مشاهده پروفایل
98,GIL DO VIGOR @gildovigor,13.9M,0.49%,برزیل,آموزش مالیات,4.2M,,مشاهده پروفایل
99,Paulo londra @paulolondra,13.8M,8.06%,برزیل,سرگرمی و موسیقی بازی های ویدئویی بازاریابی و تبلیغات بازیگران,4.2M,,مشاهده پروفایل
100,ᴅᴀɴɪ ʀᴜssᴏ @danirussotv,13.6M,0.8%,برزیل,سرگرمی و موسیقی ویدئوبلاگ نویس,4.1M,,مشاهده پروفایل
