#,NAME,FOLLOWERS,ER,COUNTRY,TOPIC OF INFLUENCE,POTENTIAL REACH
1,Ryan Reynolds @vancityreynolds,22.9M,8.5%,Canada,,6.9M
2,Eh Bee Family @ehbeefamily,11M,-,Canada,family Entertainment and Music Funny,3.3M
3,Brooklynne Webb @xobrooklynne,10.9M,-,Canada,,3.3M
4,Kim Migneault @kimmigneault,10.3M,-,Canada,Entertainment and Music,3.1M
5,Howie Mandel @officialhowiemandel,9.7M,-,Canada,Entertainment and Music,2.9M
6,Eric Struk @ericstruk,7.7M,-,Canada,Entertainment and Music,2.3M
7,Shay Mitchell @shaymitchell,7.2M,-,Canada,,2.2M
8,Dan Shaba @danshaba,6.3M,0.2%,Canada,Food DIY and Life Hacks,1.9M
9,Aileenchristineee @aileenchristineee,5.9M,-,Canada,Entertainment and Music,1.8M
10,Basement Gang @basementgang,5.4M,0.1%,Canada,,1.6M
11,Nick Eh 30 @nickeh30,4.6M,-,Canada,,1.4M
12,Mark @markcannatarofilms,3.9M,0.8%,Canada,,1.2M
13,joey :) @joewoahy,3.8M,-,Canada,,1.1M
14,Samantha & Madeleine @caleontwins,3.5M,-,Canada,Entertainment and Music Funny,1.1M
15,Olympus Great Danes @olympusgreatdanes,3.4M,-,Canada,Pets,1M
16,Aylex Thunder™ @aylextv,3.3M,-,Canada,,990K
17,Walk off the Earth @walkofftheearth,3.1M,-,Canada,Entertainment and Music Outdoor Activity,930K
18,vorostwins @vorostwins,3.1M,-,Canada,Entertainment and Music,930K
19,LastMinit @lastminit_,3M,-,Canada,Entertainment and Music Games,900K
20,Tanyalee Davis @tanyaleedavis,3M,-,Canada,Entertainment and Music Education,900K
21,Ryan Doka @dokaryan,3M,0.1%,Canada,Arts and Crafts,900K
22,CAN @candraaditiyaaaa,2.8M,-,Canada,,840K
23,Chris Bumstead @cbum,2.6M,0.2%,Canada,,780K
24,Vivian Xue Rahey @vivxue,2.5M,-,Canada,Beauty and Self Care Business and Finance,750K
25,Shania Twain @shaniatwain,2.5M,-,Canada,Entertainment and Music,750K
26,Rachid Badouri @rachidbadouriofficiel,2.3M,0.5%,Canada,Entertainment and Music,690K
27,Yes Theory @yestheory,2.2M,0.1%,Canada,Entertainment and Music,660K
28,Waffwl @waffwlwolf,2.2M,-,Canada,,660K
29,MaximeB @maximeb,2.1M,-,Canada,Entertainment and Music Games,630K
30,Braeden O’Brien @braeden.obrien,2.1M,-,Canada,Arts and Crafts,630K
31,tikatheiggy @tikatheiggy,2.1M,-,Canada,Pets,630K
32,Sergio’s Talks @sergios.talks,2M,0.1%,Canada,Entertainment and Music,600K
33,Martu Boden @martuboden_,2M,-,Canada,,600K
34,Sam Talu 🍒 @samtalu,1.9M,-,Canada,,570K
35,Robert E. Blackmon @roberteblackmon,1.8M,-,Canada,Entertainment and Music,540K
36,Jehvon Gairy @jehvong,1.8M,-,Canada,Entertainment and Music Funny Life and Society,540K
37,Tory Lanez @torylanez,1.8M,-,Canada,Entertainment and Music,540K
38,WhiteChocolateGangster @whitechocolategangster,1.8M,-,Canada,,540K
39,Zulushi @zulushi,1.7M,-,Canada,Entertainment and Music Funny,510K
40,A bordo Nati @abordonati,1.7M,-,Canada,,510K
41,Old & Dumb @pepperonijoe,1.7M,0.6%,Canada,,510K
42,Max Didluck @didluck,1.7M,-,Canada,,510K
43,genobonfiglio @genobonfiglio,1.7M,-,Canada,Fitness and Health Entertainment and Music,510K
44,Tati McQuay @tatimcquay,1.7M,-,Canada,Entertainment and Music,510K
45,paigemevans @paigemevans,1.7M,-,Canada,Acting and Drama,510K
46,Ido_twins @ido_twins,1.6M,-,Canada,Arts and Crafts Entertainment and Music,480K
47,theScore esports @thescoreesports,1.6M,-,Canada,Games,480K
48,tristanvandrine @tristanvd,1.6M,1.4%,Canada,Fashion and Accessories,480K
49,Raphael La Ferrara @raphlaf_magic,1.6M,-,Canada,Entertainment and Music,480K
50,Macy Ray @macyraydearing,1.5M,-,Canada,,450K
51,helen li @heyhelenli,1.5M,-,Canada,Celebrity,450K
52,Domino Santantonio @dominosantantonio,1.5M,-,Canada,,450K
53,What’s up Claire @whatsupclaire,1.5M,-,Canada,DIY and Life Hacks,450K
54,emdoessketches @emdoessketches,1.5M,-,Canada,Arts and Crafts Education,450K
55,abdullah.pak @abdullah.pak,1.5M,-,Canada,Education Upskilling,450K
56,AJ @adia.john,1.4M,-,Canada,Entertainment and Music,420K
57,Duane Shoots Toys @duaneshootstoys,1.4M,-,Canada,Arts and Crafts Product Showcase,420K
58,Mo Mustafa @mufastamo,1.4M,-,Canada,Funny Entertainment and Music,420K
59,Drew Barsness @canada_drew,1.4M,-,Canada,Education,420K
60,CallMeMing @hicallmeming,1.4M,-,Canada,,420K
61,TRAILER PARK BOYS @trailerparkboysofficial,1.4M,0.2%,Canada,Entertainment and Music Funny,420K
62,Brad Gosse The Comedian @bradgosse,1.3M,-,Canada,Entertainment and Music Funny,390K
63,lily & bean 🐈🇨🇦 @beautynthebean,1.3M,-,Canada,Pets,390K
64,Lilly Singh @lilly,1.3M,-,Canada,Entertainment and Music,390K
65,The Icing Artist @theicingartist,1.3M,-,Canada,Food Arts and Crafts,390K
66,Coal @mastercoal,1.3M,0.3%,Canada,Video Gaming,390K
67,tayler @daddiefish,1.3M,-,Canada,Sports Outdoor Activity,390K
68,Sóc Nâu @hoanglong.socnau,1.3M,-,Canada,Entertainment and Music Funny Life and Society,390K
69,Sterling Newton @lifeofsterlingnewton,1.2M,-,Canada,,360K
70,Max Emerson Taylor @maxemersontaylor,1.2M,-,Canada,,360K
71,_𝕋𝕙𝕖_𝕗𝕒𝕕𝕖𝕕_𝕝𝕚𝕟𝕖_ @_the_faded_line_,1.2M,-,Canada,,360K
72,Vega @vega.cos,1.2M,-,Canada,,360K
73,Knocknockwhosthere @knocknockwhosthere,1.2M,-,Canada,Education Upskilling,360K
74,Eythan Henson @ehthn,1.2M,-,Canada,,360K
75,Kevin Dien @swaydk,1.2M,-,Canada,,360K
76,360 @clinic360,1.2M,-,Canada,Product Showcase Product Education,360K
77,Aviraj❤️Rupinder @avirims,1.2M,-,Canada,,360K
78,Sara @saramokedanz,1.1M,-,Canada,,330K
79,aneta @aneta.podolak,1.1M,-,Canada,Entertainment and Music,330K
80,Baani Sandhu @baanisandhu,1.1M,-,Canada,,330K
81,Marcus Territory @marcusterritory,1.1M,0.1%,Canada,Fashion and Accessories,330K
82,Eythan @imeythanhervey,1.1M,-,Canada,,330K
83,Mimi Choi @mimles,1.1M,-,Canada,Arts and Crafts Beauty and Self Care,330K
84,Nick Pro @the.nick.pro,1.1M,-,Canada,,330K
85,Zachdubs @zachdubs,1.1M,0.1%,Canada,Entertainment and Music,330K
86,Bizzy Boom @bizzyboom,1.1M,-,Canada,Entertainment and Music,330K
87,Nick The Goalie @nickthegoalie_1,1.1M,3.6%,Canada,Finance,330K
88,Jay Amortegui @jayamortegui,1.1M,-,Canada,Entertainment and Music,330K
89,"Nico, Jackson & Zoey @nico.jackson.zoey",1M,-,Canada,Pets family,300K
90,Pierre-Émile Lv @love_by_pierreemile,1M,41.3%,Canada,Entertainment and Music,300K
91,Nando Sirianni @nandosirianni,997.8K,-,Canada,Fashion and Accessories,299.3K
92,Drew Ray Tanner @thewerdworld,997.1K,0.5%,Canada,,299.1K
93,Splorin Lauren @splorin.lauren,992.8K,-,Canada,Travel Outdoor Activity,297.8K
94,Annie @race_red_annie,980K,-,Canada,,294K
95,msdongan @msdongan,979.5K,-,Canada,Fashion and Accessories Beauty and Self Care,293.9K
96,s_kay_galot @s_kay_galot8,971.2K,-,Canada,,291.4K
97,Lindsey • Mom Life @tiktokin.mama,970.2K,-,Canada,family Funny,291.1K
98,Eel @eelfeel,964.8K,0.1%,Canada,,289.4K
99,Nicole Pangilinan @itsmenicolengg,959K,-,Canada,Entertainment and Music Funny,287.7K
100,Billy Maverick @billymaver1ck,956.1K,-,Canada,Business and Finance,286.8K
