#,NAME,FOLLOWERS,ER,COUNTRY,TOPIC OF INFLUENCE,POTENTIAL REACH
1,Memphis Depay @memphisdepay,17M,1.06%,Netherlands,Sports Soccer,5.1M
2,Martin Garrix @martingarrix,15.6M,1.29%,Netherlands,Entertainment and Music DJ Music Producers,4.7M
3,Frenkie de Jong @frenkiedejong,12.8M,0.1%,Netherlands,Sports,3.9M
4,Max Verstappen @maxverstappen1,11.5M,3.69%,Netherlands,Sports Auto and Vehicles Racing,3.5M
5,Hakim Ziyech @hziyech,10.6M,8.53%,Netherlands,Sports Soccer Modeling,3.2M
6,Doutzen Kroes @doutzen,8.7M,0.39%,Netherlands,Fashion and Accessories Modeling,2.6M
7,AFC Ajax @afcajax,8.4M,0.3%,Netherlands,Sports Soccer,2.5M
8,Romee Strijd @romeestrijd,8.3M,0.83%,Netherlands,family Beauty and Self Care Modeling Fashion Model,2.5M
9,Negin Mirsalehi @negin_mirsalehi,7.2M,0.14%,Netherlands,Beauty and Self Care Fashion and Accessories Business and Finance Styling,2.2M
10,Georginio (Gini) Wijnaldum @gwijnaldum,6.1M,1.04%,Netherlands,Sports Music,1.8M
11,•Melisa Aslı Pamuk• @melisapamuk,5.4M,3.09%,Netherlands,Beauty and Self Care Fashion and Accessories Celebrity Actors,1.6M
12,Xavi Simons @xavisimons,5.3M,5.59%,Netherlands,Sports Soccer,1.6M
13,Robin van Persie @robinvanpersie,5.1M,1.1%,Netherlands,Sports,1.5M
14,Armin van Buuren @arminvanbuuren,4.3M,0.53%,Netherlands,Entertainment and Music Modeling,1.3M
15,Jutta Leerdam @juttaleerdam,4.2M,3.31%,Netherlands,Sports Modeling,1.3M
16,Diya Mukherjee @diya_mukherjee_official_,4.1M,1.06%,Netherlands,Beauty and Self Care Fashion and Accessories,1.2M
17,YOLANDA @yolanda.hadid,3.8M,1.67%,Netherlands,Beauty and Self Care Fashion and Accessories family Moms,1.1M
18,Wim Hof @iceman_hof,3.5M,0.8%,Netherlands,Fitness and Health News Coaching Health,1M
19,Lacrim @officielacrim,3M,1.19%,Netherlands,Entertainment and Music Music,915K
20,Badr Hari @badrhariofficial,3M,0.35%,Netherlands,Sports Gym Coaching,898.1K
21,Donny van de Beek @donnyvdbeek,2.9M,4.51%,Netherlands,Sports,864.5K
22,Sophie van Oostenbrugge @gainsbybrains,2.4M,0.42%,Netherlands,Fitness and Health Training Coaching,723.6K
23,Don Diablo @dondiablo,2.3M,1.16%,Netherlands,Entertainment and Music Music DJ Producers,675.6K
24,Daley Blind @blinddaley,2.2M,2.16%,Netherlands,Sports Soccer,675K
25,Wesley Sneijder @wesleysneijder,2.1M,3.9%,Netherlands,Sports Soccer,641.9K
26,Ryan Babel @ryanbabel,2.1M,0.34%,Netherlands,Sports Business and Finance Celebrities Humor,630.5K
27,Emma Heesters @emmaheesters,2M,0.58%,Netherlands,Art Entertainment Music Singer,614.7K
28,Rico Verhoeven @ricoverhoeven,2M,1.09%,Netherlands,Sports Acting and Drama Celebrity Coaching,606.2K
29,Enzo Knol @enzoknol,2M,0.53%,Netherlands,Art Video Blogger,601.3K
30,Diipa Büller-Khosla @diipakhosla,2M,1.93%,Netherlands,Fashion and Accessories Education Upskilling Business and Finance,586.6K
31,OnsOranje @onsoranje,1.9M,0.93%,Netherlands,,559.7K
32,Zeynep Kiliçer Gümüş @zeynolu_tatlar,1.8M,2.09%,Netherlands,Food Food and Drink,545K
33,Chantal Janzen @chantaljanzen.official,1.7M,1.78%,Netherlands,Celebrity Music Lifestyle,524.3K
34,Monster Energy Yamaha MotoGP @yamahamotogp,1.7M,1%,Netherlands,Auto and Vehicles Sports,520.7K
35,Imaan Hammam @imaanhammam,1.7M,2.86%,Netherlands,Modeling Fashion Photography Fashion Model,515K
36,André Rieu @andrerieu,1.7M,7.45%,Netherlands,Music Film Actors Director,505.4K
37,Arjen Robben @arjenrobben,1.7M,10.49%,Netherlands,Sports Personal Finance Soccer,504.1K
38,Edson Alvarez.🦁 @edsonnalvarez,1.6M,11.19%,Netherlands,Sports Actors Virtualization,494K
39,Laura Brouwers @cyarine,1.6M,2.45%,Netherlands,Arts and Crafts Illustrator Drawing Design,488.5K
40,Clarence Seedorf @clarenceseedorf,1.6M,1.36%,Netherlands,Sports Personal Finance,467K
41,Lil Kleine @lilkleine,1.5M,2.35%,Netherlands,Entertainment and Music Singer Celebrities Animals & Pets,463.3K
42,Rianne Atiya @rianne.meijer,1.5M,3.95%,Netherlands,Pets Fashion and Accessories Beauty and Self Care Lifestyle,459.9K
43,Reza Ghoochannejhad @rgucci16,1.5M,1.4%,Netherlands,Sports Finance,455.8K
44,🌴🦎 Oliver Heldens 🐨🌪 @oliverheldens,1.4M,0.47%,Netherlands,Entertainment and Music DJ,434.9K
45,Monica Geuze @monicageuze,1.4M,5.18%,Netherlands,family Entertainment and Music Modeling Celebrities,433.4K
46,Nicolas Tagliafico @tagliafico3,1.4M,4.81%,Netherlands,Sports,431.6K
47,Edwin van der Sar @edwinvandersar1,1.4M,4.01%,Netherlands,Sports,430.5K
48,Sylvie Meis @sylviemeis,1.4M,0.31%,Netherlands,Entertainment and Music Beauty and Self Care Fashion and Accessories Romance and Wedding,422.9K
49,Johan Cruyff @johancruyff,1.4M,4.86%,Netherlands,Sports Soccer,422.4K
50,JESSE MEESTER @jessemeester,1.3M,0.07%,Netherlands,Entertainment and Music Marketing and Advertising Celebrity Coaching,395.5K
51,Lieke Martens @liekemartens,1.3M,2.91%,Netherlands,Sports Soccer,386K
52,Carice van Houten @leavecaricealone,1.2M,0.19%,Netherlands,Celebrity Music Video Gaming Acting and Drama,359.6K
53,Giel de Winter | StukTV @giel,1.1M,1.36%,Netherlands,Entertainment and Music Lifestyle,339.9K
54,Fred van Leer @fredvanleer,1.1M,1.33%,Netherlands,Fashion and Accessories Business and Finance Music Lifestyle,334.1K
55,ARCHDOSE @archdose,1.1M,1.1%,Netherlands,Arts and Crafts Design Architecture Interior Design,328.2K
56,Gio Latooy @gio,1.1M,4.78%,Netherlands,Entertainment and Music Video Gaming Lifestyle,323.5K
57,Laila Aziz @lailaazizofficial,1.1M,0.4%,Netherlands,Fashion and Accessories Lifestyle Styling,321.9K
58,Céline Dept @celine.dept,1.1M,5.33%,Netherlands,Beauty and Self Care Entertainment and Music,321.1K
59,Sterre Meijer @surfsterre,1.1M,6.66%,Netherlands,,320.9K
60,"Armada Music - Electronic, Dance & Trance Music @armadamusic",1.1M,0.17%,Netherlands,Entertainment and Music Music DJ Producers,320K
61,"Tuba Şark, mutfak aşktır 👩🏼‍🍳 @tubasarkhome",1.1M,2.51%,Netherlands,Food Home and Garden Parenting Chef,319.3K
62,J U U L T J E @juultjetieleman,1M,4.71%,Netherlands,Fashion and Accessories Modeling Lifestyle,306.9K
63,The Plugz Europe @theplugzeurope,1M,2.03%,Netherlands,Entertainment and Music,300.4K
64,Stephanie Abu-Sbeih @stephsa,988K,0.78%,Netherlands,Fashion and Accessories Lifestyle,296.4K
65,William Bonac @william_bonac,977.7K,0.64%,Netherlands,Fitness and Health Parenting Bodybuilding Gym,293.3K
66,Nienke Helthuis @nienkehelthuis,971K,2.43%,Netherlands,Travel Business and Finance Video Blogger,291.3K
67,FAMKE LOUISE @famkelouise_,966.3K,1.71%,Netherlands,Pets Music Singer Entertainment,289.9K
68,Miljuschka @miljuschka,965K,1.08%,Netherlands,Television Lifestyle Design,289.5K
69,Maya Van De Wiel @mayadutch,959.5K,0.37%,Netherlands,Fashion Beauty Modeling,287.8K
70,Ryan Jiro Gravenberch @ryanjiro_,955K,18.42%,Netherlands,,286.5K
71,Vyvan Le @vyvan.le,949.2K,7.51%,Netherlands,Celebrity Modeling,284.7K
72,Showtek @showtek,945.5K,0.26%,Netherlands,Music,283.6K
73,SUZANNE❄️⚡️🍭🌶💥🚀 @suzanneschulting,937.2K,3.46%,Netherlands,Sports,281.2K
74,Nicolette van Dam @nicolettevandam1,933.9K,1.2%,Netherlands,Entertainment and Music Romance and Wedding Celebrity Music,280.2K
75,Anna Nooshin @annanooshin,932.1K,0.99%,Netherlands,Beauty and Self Care Fashion and Accessories Parenting Lifestyle,279.6K
76,Negar Habibzadeh @nika_adrian_holland,921.2K,1.25%,Netherlands,,276.4K
77,Ryan Hexspoor | Entrepreneur @ryanhexspoor,901K,4.81%,Netherlands,Finance Home and Garden Business and Finance Entertainment,270.3K
78,Patrick Kluivert @patrickkluivert9,894.1K,1.56%,Netherlands,Sports Parenting,268.2K
79,Andre Hazes @andrehazes,894K,0.92%,Netherlands,Fashion Music,268.2K
80,Koninklijk Huis @koninklijkhuis,876K,0.7%,Netherlands,Travel,262.8K
81,Holland Lehr @hollandonholiday,868.9K,1.21%,Netherlands,Music,260.7K
82,Caro Calvagni @carocalvagni,868K,1.2%,Netherlands,Fitness and Health Travel Actors Modeling,260.4K
83,Nyck De Vries @nyckdevries,864.9K,17.52%,Netherlands,Sports Automotive Racing Bikes,259.5K
84,Samet Ecem @sametejemm,858.2K,0.63%,Netherlands,,257.5K
85,Bas Smit @bassmit,845K,2.86%,Netherlands,Fashion and Accessories Auto and Vehicles Lifestyle Music,253.5K
86,Vera @moreveradijkmans,845K,15.9%,Netherlands,,253.5K
87,Ilham Cherradi @ilhamhome,840.4K,0.3%,Netherlands,Home and Garden,252.1K
88,YT🌹 @yardthip,825K,0.8%,Netherlands,Modeling Fashion Graphics,247.5K
89,Ronald Koeman @ronaldkoeman,813.7K,4.37%,Netherlands,Sports,244.1K
90,Gregory van der Wiel @gregoryvanderwiel,809K,1.65%,Netherlands,Celebrity,242.7K
91,Viktor&Rolf @viktorandrolf,799.8K,0.97%,Netherlands,Fashion and Accessories Fashion Design,239.9K
92,Jur - Jurrien @jurrienhendrikx,770.9K,24.99%,Netherlands,Photography Auto and Vehicles Video Gaming Lifestyle,231.3K
93,Yv. @lifeofyvonne,768.6K,1%,Netherlands,Fashion and Accessories Lifestyle Celebrities,230.6K
94,Puck Moonen @puckmoonen,767.8K,2.94%,Netherlands,Sports Auto and Vehicles Business and Finance Coaching,230.3K
95,Dennis Bergkamp @officialdennisbergkamp,755.7K,8.3%,Netherlands,,226.7K
96,Pien Hersman @pienhersman,754.8K,0.79%,Netherlands,Sports,226.4K
97,Dirk Kuyt @kuyt,747.5K,3%,Netherlands,Sports Soccer,224.3K
98,DEBI FLÜGGE @debiflue,746.6K,0.43%,Netherlands,Travel Business and Finance Adventure Entrepreneur,224K
99,Tarik Tissoudali @tissoudali14,736.7K,7.31%,Netherlands,Sports,221K
100,Virgil Van Dijk @vandiijk4,736.7K,2.8%,Netherlands,,221K
