#,NAME,FOLLOWERS,ER,COUNTRY,TOPIC OF INFLUENCE,POTENTIAL REACH
1,"dr. Arthur, SpKK, FINSDV @dokterkulitkucom",1.2M,-,Finland,Beauty and Self Care,360K
2,cookexpertf @cookexpertf,865.4K,-,Finland,Food and Drink,259.6K
3,Jannica Sherry @jannicass,833.9K,0.1%,Finland,Beauty and Self Care Arts and Crafts,250.2K
4,Bella Nomade / IG: bellanomade @bellanomade,754.1K,-,Finland,Travel Fitness,226.2K
5,Taija Taika @taijataika,642.3K,-,Finland,,192.7K
6,1000 Experiencias @1000experiencias,409.9K,-,Finland,Travel,123K
7,Waleed Kilttan @kiltaan,394.7K,-,Finland,,118.4K
8,🇫🇮🇫🇮🇫🇮 @imnotjoalin,382K,0.3%,Finland,,114.6K
9,SARAH @itssarahh99,378.1K,0.2%,Finland,,113.4K
10,Sanni Oksanen @sannioksanen,377.6K,-,Finland,Travel,113.3K
11,Lucas Zanotto @lucas_zanotto,351.1K,-,Finland,,105.3K
12,🇫🇮My toxic🤭 @veeti_dz,340K,-,Finland,,102K
13,santtu @santerivili,336.7K,-,Finland,Entertainment and Music Funny,101K
14,laulukka🌺 @laulukka,330.7K,-,Finland,Entertainment and Music Funny,99.2K
15,Luonto Furniture @luontofurniture,292.5K,-,Finland,Home and Garden,87.8K
16,стаська @pussiom,279.5K,32.2%,Finland,Entertainment and Music,83.9K
17,الفنانةحنين السومرية @user7uz7it1r4y,277.8K,-,Finland,,83.3K
18,Prince Ibrahimi @princeibrahimi,276.3K,1.1%,Finland,,82.9K
19,khira @khirq,258.8K,0.5%,Finland,,77.6K
20,Elias @eliasvvv,241.3K,0.4%,Finland,Entertainment and Music,72.4K
21,Daniel Ahola @danielaleksis,240K,21.3%,Finland,Entertainment and Music,72K
22,floweryghost @floweryghost,238.7K,-,Finland,Beauty and Self Care,71.6K
23,وئام و هبه @weaam.hiba,226.8K,0.1%,Finland,Entertainment and Music,68K
24,SaamoPetraa @saamopetraa3,226.2K,-,Finland,Entertainment and Music,67.9K
25,Proxyrod @proxyrod,219.7K,0.1%,Finland,Entertainment and Music,65.9K
26,Crew of hooligans @crewofhooligans,211.5K,-,Finland,,63.5K
27,NordicFunDogs @nordicfundogs,211.1K,0.1%,Finland,Animals Pets,63.3K
28,Risaaa😂😂 @rsdance27,209.2K,-,Finland,,62.8K
29,Mandimai Sundberg @mondaymay,208.8K,0.2%,Finland,,62.6K
30,Måmå “P” PääT @mypaat,206.5K,-,Finland,,62K
31,wheelhub @wheelhub.com,205.8K,-,Finland,,61.7K
32,Luciano Ghidoli @lucianoghidoli,199.2K,-,Finland,Arts and Crafts,59.8K
33,Nojeen Makeup 💄 @n0jeenn,198.9K,-,Finland,,59.7K
34,Viivi Rytkönen @unafinlandesa,194.2K,-,Finland,Travel,58.3K
35,"Prev. Alex.FI, now AlexMartini @alex.martini__",192.6K,-,Finland,Auto and Vehicles Automotive,57.8K
36,Jäätynyt Banaani 🍌 @jaatynytbanaaniofficial,191K,-,Finland,Funny Entertainment and Music,57.3K
37,BlindChannel @blindchannel,189K,0.3%,Finland,,56.7K
38,JuhoFlow @juhoflow,188K,3.6%,Finland,Entertainment and Music Funny,56.4K
39,Niko Saarinen @niko_saarinen,187.8K,0.2%,Finland,,56.3K
40,sihvoallu @sihvoallu,176K,-,Finland,Entertainment and Music,52.8K
41,davide @david_tim_,175.6K,-,Finland,,52.7K
42,Nuppu Oinas @nuppipaa,171.4K,-,Finland,Entertainment and Music,51.4K
43,🇫🇮 🅿🅾🅿 📀 🅼🆄🆂🅸🅲 🇷🇺 @glebmail,169.3K,-,Finland,Entertainment and Music,50.8K
44,Hugo Käld @hugoozz,165.6K,-,Finland,Music,49.7K
45,Michael Howard @yeaa.mike,165.3K,-,Finland,,49.6K
46,Julia Kivelä @juliakivela,164.4K,0.1%,Finland,,49.3K
47,Qzgu @qzgu,161.8K,-,Finland,,48.5K
48,nettaeleonoora @nettaeleonoora,160.8K,-,Finland,,48.2K
49,sovalinas @sovalinas,158.8K,0.1%,Finland,,47.6K
50,Karppi @karppi25,157K,-,Finland,,47.1K
51,hnuskina @hnuskina2,154.9K,-,Finland,Arts and Crafts,46.5K
52,ＲａｔｔｕＩｒｒａｔｔｕ @irrattu77,148.7K,0.2%,Finland,,44.6K
53,Anita @har_ni_tah,147.2K,-,Finland,Celebrity,44.2K
54,🦊 carita 🦊 @purrmyname,145.4K,-,Finland,Pets,43.6K
55,CAROLA @carolahakola,145K,-,Finland,Entertainment and Music,43.5K
56,Euro Hoo @eurohoo,143.6K,0.1%,Finland,Entertainment and Music,43.1K
57,Namikolinx @nami.hani,141.8K,-,Finland,,42.5K
58,Gigantti Gaming @giganttigaming,137.3K,0.1%,Finland,,41.2K
59,Arttu Laitinen @arttu_laitinen,133.2K,-,Finland,,40K
60,Petter Pentilä @frameseq,128.6K,0.1%,Finland,Animation and Cosplay,38.6K
61,AnnejaEllu @annejaellu,121.9K,-,Finland,,36.6K
62,pressarm @pressarm,117.5K,0.1%,Finland,,35.3K
63,Sebastian Tynkkynen @sebastiantynkkynen,115.9K,0.2%,Finland,,34.8K
64,Herra Koskinen @herrakoskinen,114.4K,-,Finland,,34.3K
65,Mikael Renwall @mikaelrenwall,113.5K,0.2%,Finland,,34.1K
66,Aku Hirviniemi @akuhirviniemi,108.4K,0.1%,Finland,,32.5K
67,mea Logren @finbarbie,106.3K,0.1%,Finland,Fashion and Accessories,31.9K
68,terapeuttiville @terapeuttiville,102.9K,0.1%,Finland,,30.9K
69,Miika Suvanto @pikahutz,102.3K,0.2%,Finland,,30.7K
70,Robin Packalen @robinpackalen,101K,0.1%,Finland,,30.3K
71,𝚂𝚘𝚗𝚓𝚊 𝙷𝚒𝚎𝚝𝚊𝚕𝚊 @sonjahietala,99.8K,-,Finland,Photography Animals Pets,29.9K
72,Hales @haymartinn,99.7K,-,Finland,,29.9K
73,(っ◔◡◔)っ Risotto @gothic.cosplayer,98.4K,-,Finland,,29.5K
74,The Dudesons @thedudesons,98.2K,-,Finland,,29.5K
75,DAVE @laivanakki,95.1K,31.1%,Finland,,28.5K
76,ㅤ @kenkanekl69,94.6K,5.1%,Finland,,28.4K
77,ZazabellaOfficial @zazabellaofficial,94.4K,-,Finland,Romance and Wedding,28.3K
78,Karoliina @karowalker,90.8K,-,Finland,,27.2K
79,Iam.iba @iam.iba,86.7K,-,Finland,Finance,26K
80,Susmamatin @susmamatin,83.5K,-,Finland,Entertainment and Music,25.1K
81,Joona Hellman @joonahellmanofficial,81.6K,0.5%,Finland,,24.5K
82,Katia ᛖᛚᚾᛟᚱ @katiaeleonor,81.1K,-,Finland,Arts and Crafts Animation and Cosplay,24.3K
83,Ali Jahangiri @alijahangirifi,79.3K,0.3%,Finland,Entertainment and Music,23.8K
84,Samuel Daayata @samueldaayata,78.7K,-,Finland,,23.6K
85,Jenni @skygrly,76.5K,0.3%,Finland,,23K
86,Krista Strömberg @kristastromberg,75.2K,2.2%,Finland,,22.6K
87,Questony @questony,67.7K,-,Finland,,20.3K
88,Kauppateemi @kauppateemi,63.4K,0.1%,Finland,,19K
89,Zafranmarketjyvaskyla @zafranmarketjyvaskyla,59.3K,-,Finland,,17.8K
90,Niko Holmstén @mr.holmsten,56.9K,0.6%,Finland,,17.1K
91,Koiraluu @koiraluu,53.6K,0.2%,Finland,,16.1K
92,𝓜𝓸𝓸𝓷𝓲𝓴𝓪 𝐿𝒶𝒾𝓃𝑒 @moonika._.laine,52.5K,-,Finland,,15.8K
93,Tume @tume,50.1K,0.2%,Finland,,15K
94,Rujira @rujisaurus,48.4K,-,Finland,,14.5K
95,💙 Mustikkapäät 💙 @mustikkapaat,48.4K,-,Finland,,14.5K
96,† 𝕽𝖔𝖓𝖎 † @kaokitsune,44.9K,-,Finland,Fashion and Accessories,13.5K
97,FINLAND 📱 COMPUTER 🖥 @shafi_finland,44.7K,-,Finland,Product Education,13.4K
98,nmakaisa @nmakaisa,42.9K,-,Finland,Entertainment and Music,12.9K
99,Hoodifaija @hoodifaija,42K,0.2%,Finland,,12.6K
100,Linnanmäki @linnanmaki,41.7K,0.2%,Finland,Entertainment and Music Outdoor Activity,12.5K
