#,NAME,FOLLOWERS,ER,COUNTRY,TOPIC OF INFLUENCE,POTENTIAL REACH
1,Leo Messi @leomessi,501.1M,0.01%,Argentina,Sports Soccer Activity General General Interest,150.3M
2,Paulo Dybala @paulodybala,57.6M,2.07%,Argentina,Sports Soccer,17.3M
3,Antonela Roccuzzo @antonelaroccuzzo,38.2M,7.06%,Argentina,family Modeling,11.5M
4,Sergio Leonel Agüero @kunaguero,31M,1.68%,Argentina,,9.3M
5,Ángel Di María @angeldimariajm,26.5M,1.35%,Argentina,Sports Marketing and Advertising Soccer Lifestyle,7.9M
6,Wanda Nara @wanda_nara,16.8M,2.21%,Argentina,Beauty and Self Care Fashion and Accessories Journalists,5M
7,𝗟𝘂𝗶𝘀 𝗙𝗼𝗻𝘀𝗶 @luisfonsi,14.6M,0.8%,Argentina,Entertainment and Music Music Singer,4.4M
8,Maria Becerra @mariabecerra,13.8M,2.85%,Argentina,Entertainment and Music Actors,4.1M
9,Selección Argentina @afaseleccion,12.8M,2.75%,Argentina,Sports Soccer,3.8M
10,𝙈𝘼𝙐𝙍𝙊 𝙄𝘾𝘼𝙍𝘿𝙄 @mauroicardi,11.8M,5.67%,Argentina,Sports Soccer,3.5M
11,Lautaro Javier Martinez @lautaromartinez,10.9M,2.65%,Argentina,Sports Actors Journalists,3.3M
12,Marcelo Tinelli @marcelotinelli,10.7M,0.76%,Argentina,Entertainment and Music Actors Journalists,3.2M
13,Agus Bernasconi @agusbernasconi07,9.2M,1.45%,Argentina,Actors Music,2.8M
14,Alejo Igoa @alejoigoa,9.1M,4.86%,Argentina,Entertainment and Music Lifestyle,2.7M
15,René Pérez Joglar @residente,8.6M,2.97%,Argentina,Entertainment and Music Actors Music,2.6M
16,Ricardo Montaner @montaner,8.6M,0.48%,Argentina,Music Songwriting,2.6M
17,Cande Molfese @candemolfese,8.5M,0.36%,Argentina,Acting and Drama Actors,2.5M
18,Diego Maradona @maradona,8.4M,1.72%,Argentina,Entertainment and Music,2.5M
19,Boca Juniors @bocajrsoficial,8.2M,1.02%,Argentina,Sports,2.5M
20,Pampita @pampitaoficial,7.8M,0.46%,Argentina,Actors Modeling Fashion,2.3M
21,Marley @marley_ok,7.7M,0.18%,Argentina,Entertainment and Music Actors,2.3M
22,Natan Bianco @natan.biancoo,7.5M,1.97%,Argentina,,2.3M
23,River Plate @riverplate,7M,2.81%,Argentina,Sports Soccer,2.1M
24,Luisana Lopilato @luisanalopilato,6.8M,0.25%,Argentina,Acting and Drama family Celebrity Moms,2M
25,Lizy Tagliani @lizytagliani,6.8M,0.3%,Argentina,Acting and Drama Actors Journalists,2M
26,Sol Perez @lasobrideperez,6.6M,0.85%,Argentina,Fitness and Health Beauty and Self Care Actors,2M
27,LA CHINA @sangrejaponesa,6.6M,2.7%,Argentina,Acting and Drama Actors,2M
28,Florencia Peña @flor_de_p,6.4M,0.34%,Argentina,Entertainment and Music Fashion and Accessories Actors Modeling,1.9M
29,Javi Mascherano @mascherano14,6.3M,3.49%,Argentina,Sports,1.9M
30,Cinthia Fernandez @cinthia_fernandez_,6M,1.41%,Argentina,family Actors,1.8M
31,FLOR VIGNA @florivigna,5.7M,0.84%,Argentina,Entertainment and Music Actors Artist,1.7M
32,Laurita Fernández @holasoylaurita,5M,0.34%,Argentina,Actors,1.5M
33,Donato @thedonato,4.9M,2.87%,Argentina,Events Actors,1.5M
34,Agus Liporace @kulinaria.recetas,4.7M,4.27%,Argentina,,1.4M
35,𝕷𝖊𝖑𝖊’ @candelariatinelli,4.6M,0.39%,Argentina,Marketing and Advertising Actors,1.4M
36,◬ Nestor En Bloque ◬ @nestor_nblq,4.6M,2.3%,Argentina,Entertainment and Music,1.4M
37,𝗔𝗺𝗮𝗿𝗮 𝗾𝘂𝗲 𝗹𝗶𝗻𝗱𝗮 @amara.aa,4.5M,0.34%,Argentina,Beauty and Self Care Fashion and Accessories Lifestyle,1.4M
38,Nathy Peluso @nathypeluso,4.5M,3.27%,Argentina,Entertainment and Music Music Actors,1.3M
39,Gime Accardi @gimeaccardi,4.4M,1.45%,Argentina,Actors Fashion Modeling,1.3M
40,Daniela Viaggiamari (La Chepi) @danilachepi,4.3M,1.04%,Argentina,Entertainment and Music Marketing and Advertising Actors Virtualization,1.3M
41,Nicolás Vazquez @nicovazquezok,4.3M,0.38%,Argentina,Acting and Drama Celebrity Actors Journalists,1.3M
42,Marcos Rojo ⚽️ @marcosrojo,4.1M,2.96%,Argentina,Sports Actors Journalists,1.2M
43,Ezequiel Lavezzi @pocho22lavezzi,4.1M,1%,Argentina,,1.2M
44,Barbie Pucheta #BarbieVelez @barbiepucheta,3.8M,0.41%,Argentina,Acting and Drama family Actors,1.1M
45,ℜ𝔢𝔶 𝔡𝔢 𝔄𝔯𝔪𝔞𝔡𝔞 @ceciarmy,3.8M,11.07%,Argentina,Fashion and Accessories,1.1M
46,Stef Roitman @stefroitman,3.8M,1.39%,Argentina,Acting and Drama Actors Modeling Celebrities,1.1M
47,Micaela Lorena Viciconte @micaviciconte,3.7M,0.66%,Argentina,Entertainment and Music Food Modeling,1.1M
48,ANTONELLA @lasirena69,3.6M,2.87%,Argentina,Travel Journalists,1.1M
49,Giovani Lo Celso @locelsogiovani,3.5M,4.81%,Argentina,Sports Soccer,1.1M
50,ıllıllı Papu Gomez ıllıllı @papugomez_official,3.5M,4.9%,Argentina,Sports Food Product Showcase,1M
51,Oleksandr Danylenko @irelleyoko,3.4M,3.81%,Argentina,Entertainment and Music Music Actors,1M
52,Carolina Kopelioff @carolinakopelioff,3.4M,0.25%,Argentina,Celebrity Actors Modeling,1M
53,Susana Gimenez🫀 @gimenezsuok,3.4M,1.42%,Argentina,Art Actors Journalists,1M
54,Catherine Fulop @fulopcatherine,3.4M,1.28%,Argentina,Acting and Drama Celebrity Actors,1M
55,Malena Ratner @malenaratner,3.2M,0.33%,Argentina,Acting and Drama Celebrity Actors,972.8K
56,Maria del Cerro 🇦🇷 @merydelcerrok,3.2M,0.26%,Argentina,Acting and Drama family Fashion and Accessories Actors,971.3K
57,NATALIE @natalieperez,3.2M,0.53%,Argentina,Acting and Drama Romance and Wedding Actors Modeling,958.8K
58,Karina La Princesita @kariprinceoficial,3.2M,2.5%,Argentina,Actors Artist,955.3K
59,*BELU LUCIUS* @belulucius,3.1M,2.27%,Argentina,Celebrity Actors,941.4K
60,Iɢɴᴀᴄɪᴏ Bᴀʟᴀᴅᴀɴ @ignaciobaladan,3.1M,1.72%,Argentina,Food Marketing and Advertising Chef,938.5K
61,Locos X el Asado @locosxelasado,3.1M,1.63%,Argentina,Video Blogger Chef Food,938.1K
62,Julián Serrano ♎️🇦🇷 @julianserrano01,3.1M,0.5%,Argentina,Entertainment and Music Business and Finance Celebrity Actors,937.3K
63,Marcela Kloosterboer @m.klooster,3M,0.86%,Argentina,Acting and Drama Actors Modeling,908.1K
64,Virginia Gallardo @virchugallardo,3M,0.08%,Argentina,Art Modeling,896K
65,CALLEJERO FINO @callejerofino,2.9M,5.48%,Argentina,Entertainment and Music Actors,879.2K
66,𝐄𝐕𝐀 𝐃𝐄 𝐃𝐎𝐌𝐈𝐍𝐈𝐂𝐈 @dedominicieva,2.9M,0.83%,Argentina,Actors Fashion Lifestyle,871.6K
67,Albere @albereee_,2.8M,12.66%,Argentina,Fashion and Accessories Celebrity,847.5K
68,Mariano Diaz @marianodiazmejia,2.8M,3.21%,Argentina,Entertainment and Music Soccer,838.2K
69,Papo MC @labestiadelhardcore,2.7M,3.76%,Argentina,Art Actors,812.3K
70,Mica Suarez @micasuarez12,2.7M,4.8%,Argentina,Entertainment and Music Celebrity Video Blogger Actors,812.1K
71,María Constanza Romero @cotyrommero,2.7M,10.95%,Argentina,,811K
72,celeste cid @mcelestia,2.7M,1.56%,Argentina,Arts and Crafts Celebrity,800.3K
73,Guillermina Valdes🦋 @guillevaldes1,2.7M,0.5%,Argentina,Beauty and Self Care family Actors,797.5K
74,Tipico de Argentinos @tipico_de_argentinos,2.6M,2.58%,Argentina,Funny,794.6K
75,Luciano Pereyra @lucianopereyraoficial,2.6M,0.69%,Argentina,Actors Fashion Modeling,792K
76,Barby Silenzi @barby_silenzi,2.6M,1.2%,Argentina,Parenting Actors,790.2K
77,Alberto Fernández @alferdezok,2.6M,0.7%,Argentina,,777K
78,NATI JOTA 🎪🧜🏼‍♀️🧡 @natijota,2.6M,1.77%,Argentina,Entertainment and Music Funny Life and Society Actors,777K
79,Darío Benedetto @pipabenedetto,2.5M,5.57%,Argentina,Soccer,761.4K
80,Ailén Bechara @ailen_bechara,2.5M,0.29%,Argentina,Entertainment and Music Marketing and Advertising Actors,758.9K
81,El Misionero @misioflow1,2.5M,1.24%,Argentina,Entertainment and Music Animation and Cosplay Business and Finance Actors,749.5K
82,Wali Iturriaga @waliturriaga,2.5M,2.21%,Argentina,Marketing and Advertising Actors Coaching,747.9K
83,#ComunidadBajonera - El Club Del Bajon @clubdelbajon,2.5M,1.58%,Argentina,Food,745.1K
84,Nazarena Velez @nazarenavelez,2.4M,1.6%,Argentina,Entertainment and Music family Parenting Actors,731.5K
85,Mariana Fabbiani @marianafabbiani,2.4M,0.22%,Argentina,Actors,712.6K
86,Leandro @leoparedes20,2.4M,5%,Argentina,Sports Soccer Actors,706.1K
87,Sofi Morandi @sofimorandi,2.3M,1.17%,Argentina,"Entertainment and Music Actors Celebrities Film, Music & Books",691.7K
88,Nutrición & Salud 🍓🍍🍏 @nutricion.salud.arg,2.3M,0.69%,Argentina,Fitness and Health Food Medical Health Health and Medical Services,677.6K
89,Tamara Bella @tamibellatb,2.2M,0.31%,Argentina,Romance and Wedding Acting and Drama Actors,661K
90,Pablo Granados @pablo_grana,2.2M,1.98%,Argentina,family Actors,660.6K
91,Alexander Caniggia @alexcaniggia,2.2M,1.19%,Argentina,Entertainment and Music Fashion and Accessories,660K
92,Vicky Xipolitakis @victoriaxipolitakisok,2.2M,1.11%,Argentina,Marketing and Advertising Actors,659K
93,𝒮𝑜𝒻𝒾́𝒶 𝒞𝓁𝑒𝓇𝒾𝒸𝒾 🧛🏻‍♀️ @sofiaclericiok,2.2M,0.16%,Argentina,Fashion and Accessories Actors Modeling,658.4K
94,Isabel Macedo @isabelmacedophoto,2.2M,0.4%,Argentina,Actors,654.4K
95,micaela tinelli @micatinelli,2.1M,0.4%,Argentina,Beauty and Self Care Actors Journalists Modeling,643.8K
96,Abel Pintos @abelpintos,2.1M,2.54%,Argentina,Entertainment and Music Music Actors Journalists,638.3K
97,𝕭𝖆𝖕𝖙𝖎𝖘𝖙𝖊 𝕲𝖎𝖆𝖇𝖎𝖈𝖔𝖓𝖎 @baptiste.giabiconi,2.1M,0.14%,Argentina,Beauty and Self Care Fashion and Accessories Business and Finance Celebrities,629.9K
98,Federico Bal @balfederico,2.1M,0.12%,Argentina,Entertainment and Music Auto and Vehicles Fashion and Accessories Celebrity,623K
99,Daniela Cantante @danielacantante,2M,0.01%,Argentina,Entertainment and Music Product Education Business and Finance Music,612.7K
100,TaniaGattas 🇲🇽 @taniagattas,2M,1.14%,Argentina,"Entertainment and Music Marketing and Advertising Celebrities Film, Music & Books",611.9K
