#,NAME,FOLLOWERS,ER,COUNTRY,TOPIC OF INFLUENCE,POTENTIAL REACH
1,Sergio Agüero @kunaguero,10.4M,-,Argentina,Sports,3.1M
2,ᴄᴏɴʀᴀ @conradovillagra,9.9M,-,Argentina,Entertainment and Music,3M
3,🇦🇷ARITO🇦🇷 @arito__,8.2M,-,Argentina,Entertainment and Music,2.5M
4,Cande Copello @cande.copello,8M,0.3%,Argentina,Animation and Cosplay,2.4M
5,Andrade❤️🎬 @moreeandrade,7.1M,-,Argentina,Acting and Drama,2.1M
6,Alejo Igoa @alejoigoa,6M,-,Argentina,,1.8M
7,catita reyes @catareyyes,5.5M,-,Argentina,Food,1.7M
8,Andres Vernazza @emprendedormoderno,4.6M,-,Argentina,Education,1.4M
9,Yuli cagna @yulicagna,3.2M,-,Argentina,,960K
10,Martina Catini @marttucatiniii,3M,-,Argentina,,900K
11,EZE @ezequielitto,3M,-,Argentina,Travel,900K
12,Jonas Montanaro @jonasmontanaro,2.8M,-,Argentina,,840K
13,juststef @iamjuststef,2.7M,-,Argentina,,810K
14,Fran Silva @fran_silva11,2.7M,-,Argentina,,810K
15,Alicia Castro @aliciacastro___,2.6M,-,Argentina,Funny Entertainment and Music,780K
16,Julieta 🍒 @juli.castroo,2.6M,-,Argentina,,780K
17,mariam🦋 @mariamstar1,2.6M,-,Argentina,Entertainment and Music,780K
18,Tincho Ruiz @tinchoo.ruiz,2.4M,-,Argentina,,720K
19,Maxi Fontan @maxi.fontan,2.4M,4.3%,Argentina,Entertainment and Music,720K
20,Nico Melo @melojnico,2.2M,-,Argentina,Entertainment and Music,660K
21,Francisco Ferella @franferellaa,2.2M,-,Argentina,Entertainment and Music,660K
22,MatyCocinaok @matycocinaok,2.1M,-,Argentina,Home and Garden,630K
23,Mica Coppola @micacoppola_,2.1M,-,Argentina,,630K
24,Jorgito_barrionuevo @jorgito_barrionuevo,1.9M,-,Argentina,,570K
25,bugutu @gerolaiker,1.8M,-,Argentina,Entertainment and Music,540K
26,Maxi Chime @maxichimenti,1.8M,-,Argentina,Entertainment and Music,540K
27,Ailu Tokman @ailutokman,1.7M,0.6%,Argentina,Food,510K
28,Catarata @catalinafg1,1.7M,-,Argentina,Entertainment and Music,510K
29,Ginecóloga juvenil @gineco.yvos,1.6M,-,Argentina,,480K
30,Natan Bianco @natanbianco,1.6M,-,Argentina,,480K
31,unXavi @unxavi,1.6M,0.1%,Argentina,Entertainment and Music,480K
32,TN - Todo Noticias @todonoticias,1.5M,-,Argentina,,450K
33,einstein.libreria @einstein.libreria,1.5M,-,Argentina,Education,450K
34,Eva Aranda @evarandaa,1.4M,-,Argentina,,420K
35,messi.magic @messi.magiic,1.4M,0.3%,Argentina,,420K
36,D I E G O S A N T ✨ @dieesant,1.4M,-,Argentina,Entertainment and Music,420K
37,clari cremaschi @clari_cremaschi,1.3M,9.6%,Argentina,Beauty and Self Care,390K
38,Ximena Coronel @ximecoronel_,1.3M,0.3%,Argentina,,390K
39,Wendydaiana @wendydaiana4,1.2M,-,Argentina,Funny,360K
40,River Plate @riverplate,1.2M,-,Argentina,Sports,360K
41,evee_varass1 @evee_varass1,1.2M,-,Argentina,Pets,360K
42,Seguime Y Te Sigo👏 @gabrielgonzaa,1.2M,0.1%,Argentina,Travel,360K
43,Azuu @_azulomazzo,1.1M,-,Argentina,family,330K
44,micaviciconte @micaviciconteoficial,1.1M,-,Argentina,Entertainment and Music,330K
45,Sofi Halabi @sofiihalabi,1.1M,-,Argentina,,330K
46,Lourdes @lulignzalez,1.1M,0.1%,Argentina,,330K
47,Cata Zanotti @catazanotti,1.1M,-,Argentina,,330K
48,Alex♥️Rampit @barkiinglove,1.1M,-,Argentina,Pets,330K
49,Alma Giuliano✨ @soyalmaok,1.1M,-,Argentina,,330K
50,Juana Alvarez Amespi @juanaalvarezamesp,1.1M,-,Argentina,Fashion and Accessories,330K
51,Chaterbox @chaterbox,1.1M,2.7%,Argentina,Entertainment and Music,330K
52,Boca Juniors @bocajuniors,1.1M,0.1%,Argentina,Sports,330K
53,Lucho Cabrera @luchocarp1990,1M,1.9%,Argentina,Entertainment and Music,300K
54,Dani @dani_14_j,1M,1.6%,Argentina,,300K
55,Valentin Vera @valentinvera01,998.7K,0.2%,Argentina,Entertainment and Music,299.6K
56,martinita🫀 @iammartyd_music,998.3K,-,Argentina,,299.5K
57,Anto Gómez @antogomez001,988.3K,-,Argentina,,296.5K
58,cinthia_fernandez_ @cinthia_fernandez_,974.2K,-,Argentina,Fitness and Health,292.3K
59,Mauroponti @mauroponti666,973.5K,6.8%,Argentina,,292.1K
60,Melany👽 @_meelfernandez,964K,-,Argentina,Entertainment and Music,289.2K
61,Ara Dittler🪐 @rcelaia,963.4K,-,Argentina,,289K
62,Claudio Puppo I❤️80 @claudio.puppo,962.8K,-,Argentina,,288.8K
63,Melina Vallejos @melinavallejos_,956.4K,0.3%,Argentina,,286.9K
64,✨ J͙U͙L͙Y͙ ✨ @julylatorre4,952.5K,-,Argentina,Beauty and Self Care,285.8K
65,Iara Castagno @iaracastagno,951K,-,Argentina,,285.3K
66,TyC Sports @tycsports,946.9K,-,Argentina,Sports,284.1K
67,El Mago Cocina @elmagococina,938.7K,0.4%,Argentina,Food Product Showcase,281.6K
68,fan_de_goku @edist_dragonballz,929.6K,-,Argentina,,278.9K
69,nitu @ruizdiaziara,925.2K,-,Argentina,Entertainment and Music,277.6K
70,RufusMda @marcos.maidanaa1,923.6K,0.1%,Argentina,,277.1K
71,la tucuwoman :) @soylailu,920.4K,0.2%,Argentina,,276.1K
72,Lichi Fignoni @lichifignoni,914.6K,-,Argentina,,274.4K
73,Kevin Moreno ⚡️ @kevinmorenox,911.9K,-,Argentina,,273.6K
74,🔥MOREVON🔥 @morevonh,909.9K,-,Argentina,,273K
75,Agustín del Giorgio @agustindelgiorgio,907.5K,0.1%,Argentina,,272.3K
76,Dantedg @danted.g,903.4K,0.1%,Argentina,,271K
77,Dillom @dillom666,890.6K,0.1%,Argentina,,267.2K
78,@manualtubee,886.3K,-,Argentina,,265.9K
79,jorgelopez_as @jorgelopez_as,885K,0.2%,Argentina,Celebrity,265.5K
80,Luana Zanek @luanazanek,883.3K,-,Argentina,,265K
81,Tik Toker @_justjenn_,879.1K,-,Argentina,,263.7K
82,LUCAS LEZIN @lucaslezin,876.9K,0.1%,Argentina,Celebrity,263.1K
83,Liana Ronaldo @lianaronaldo,875.3K,0.3%,Argentina,,262.6K
84,yaz <3 @yazmmin,873.3K,-,Argentina,Entertainment and Music Funny,262K
85,Nico Vázquez @vazqueznico,871.1K,-,Argentina,Acting and Drama,261.3K
86,NACHITO & ROMAN @romanfrezzini,868.7K,-,Argentina,,260.6K
87,Tobias Di Odoardo @tobiasdiodoardo0,864.7K,-,Argentina,,259.4K
88,Mari.ortiz77 @mari.ortiz77,864.2K,-,Argentina,,259.3K
89,Teresa 🤍 @tererodriguezoficial,859.9K,-,Argentina,,258K
90,JulyMarin @jjjjjjuly,857.6K,-,Argentina,Celebrity,257.3K
91,Mariela Vicenzi @marielavicenz,855.7K,-,Argentina,,256.7K
92,It’s Guadi 🦋 @guadalagrotteria,855.6K,-,Argentina,Travel,256.7K
93,Patricio Gómez Di Leva @psicosexologo,852.8K,-,Argentina,,255.8K
94,lalirabbit @lalirabbit,852.4K,-,Argentina,,255.7K
95,Ricardo Montaner @montaner,850.6K,-,Argentina,,255.2K
96,Fresco Kirby @frescokirbyoficial,844.2K,0.2%,Argentina,,253.3K
97,melaa_martinez @melaa_martinez,843K,-,Argentina,Entertainment and Music,252.9K
98,Love u <3 @coffesunkinzv,838K,-,Argentina,,251.4K
99,Sabrina Mateos @sabrimateosok,837.9K,-,Argentina,,251.4K
100,Lucas.h.slevin @lucasslevin,836.2K,-,Argentina,,250.9K
