#,NAME,FOLLOWERS,ER,COUNTRY,TOPIC OF INFLUENCE,POTENTIAL REACH
1,Shopping China Importados @shoppingchinaimportados,67.1K,0.03%,Paraguay,Product Showcase,20.1K
2,ABC Digital @abcdigital,44.1K,0.21%,Paraguay,News & Media,13.2K
3,Chenny Tv @chennytv,32.8K,2.41%,Paraguay,Entertainment & Music,9.8K
4,Diario Última Hora @ultimahorapy,29.9K,0.04%,Paraguay,Arts & Crafts Entertainment & Music Education Fashion & Accessories,9K
5,Dani lacomadrepy @lacomadrepy,29.1K,0.58%,Paraguay,,8.7K
6,Telefuturo @telefuturo,26.2K,0.14%,Paraguay,Entertainment & Music News & Media,7.9K
7,Domingo Ariel Delgadillo Cabrera @arieldelgadillo_09,22.3K,2.61%,Paraguay,,6.7K
8,Renato Prono @renatoprono,21.6K,1.28%,Paraguay,Sports,6.5K
9,Santiago Peña @santipenapy,18K,0.13%,Paraguay,Finance,5.4K
10,Ana Paula Cespedes | Pilot 👩🏻‍✈️ @anapaulacespedes,16.3K,0.33%,Paraguay,Outdoor Activity,4.9K
11,Tigo Sports @tigosportspy,15.3K,-,Paraguay,Sports,4.6K
12,LG IMPORTADOS @lgimportadospyy,15.3K,0.14%,Paraguay,Product Showcase,4.6K
13,Men - Tendencia Masculina® @menparaguay,15.2K,0.12%,Paraguay,Fashion & Accessories,4.6K
14,Sentimiento Azulgrana @sentimientoazulgrana,15.2K,0.29%,Paraguay,Sports,4.5K
15,María Laura Olitte @laolitte8,13.2K,0.16%,Paraguay,Entertainment & Music,4K
16,G5Pro @g5pro,12.8K,0.29%,Paraguay,Entertainment & Music,3.8K
17,Mónica Leguizamón @monileguii,10.6K,0.26%,Paraguay,,3.2K
18,ANA RIOS ❤️✨ @anariospy,10.6K,0.17%,Paraguay,Entertainment & Music,3.2K
19,Andrea Quattrocchi @andrequattrocchi,9.3K,0.25%,Paraguay,Acting & Drama Entertainment & Music Romance & Wedding,2.8K
20,Monalisa Paraguay @monalisaparaguay,9K,0.04%,Paraguay,Fashion & Accessories,2.7K
21,CINEMARK PARAGUAY @cinemarkpy,8.9K,0.52%,Paraguay,Entertainment & Music Travel,2.7K
22,Juan Cáceres Troche @juanctpy,8.9K,0.4%,Paraguay,Travel,2.7K
23,SAX DEPARTMENT STORE @saxdepartment,8.8K,0.09%,Paraguay,Fashion & Accessories Luxury Shopping,2.7K
24,Leo Rivas @leeorivas,8.6K,1.06%,Paraguay,Entertainment & Music,2.6K
25,Matheus Costa @maatheuscosta,8.2K,0.16%,Paraguay,Acting & Drama,2.4K
26,Marilaura @euemcasa,8K,0.56%,Paraguay,Home & Garden,2.4K
27,Tigo Paraguay @tigoparaguay,7.9K,0.39%,Paraguay,,2.4K
28,Bruna Salinas @brunitasalinas,7.3K,0.67%,Paraguay,Entertainment & Music,2.2K
29,Marcelo Gabriel @marcelogabrielpy,6.9K,0.2%,Paraguay,Entertainment & Music,2.1K
30,Amanda M. Jarschel A. @amandajarschel,6.8K,0.38%,Paraguay,Food,2K
31,VAGOS @vagospy,6.6K,0.03%,Paraguay,Product Showcase,2K
32,Carolina Gonzalez/ Miguel Proscia @tutupypkids,5.9K,0.05%,Paraguay,Fashion & Accessories Arts & Crafts,1.8K
33,Nico Ferrero @nicoferreroa,5.8K,-,Paraguay,Entertainment & Music,1.7K
34,A N N E K A T H E R I N E @annewalde,5.8K,-,Paraguay,Finance Fashion & Accessories,1.7K
35,Burger King Paraguay @burgerking_py,5.7K,0.91%,Paraguay,Food,1.7K
36,Fashion Point Multimarcas @fashionpoint_py,5.7K,0.12%,Paraguay,Fashion & Accessories,1.7K
37,Palma @palmaparaguay,5.5K,0.24%,Paraguay,Entertainment & Music,1.6K
38,🌷Nahir Silvero @nanu.yael,5.3K,0.49%,Paraguay,Animation & Cosplay Fashion & Accessories,1.6K
39,Dani Meza @danimezapy,5.3K,0.85%,Paraguay,Entertainment & Music,1.6K
40,Toto González @totogonzalez,5K,0.36%,Paraguay,Entertainment & Music family Food Romance & Wedding,1.5K
41,Lᴜᴄíᴀ Sᴀᴘᴇɴᴀ🇵🇾 @lusapena,5K,0.48%,Paraguay,Entertainment & Music,1.5K
42,cuak! de Patito @cuakdepatito,4.9K,0.22%,Paraguay,Arts & Crafts,1.5K
43,Dr. Vinicius Vera @viniciusveraf,4.8K,0.54%,Paraguay,Education Arts & Crafts,1.4K
44,Yei Park • 박아빈 @parkyei,4.8K,0.52%,Paraguay,Fashion & Accessories,1.4K
45,Karu @karuseando,4.7K,0.22%,Paraguay,Food,1.4K
46,Hugo Vazquez @negrovazquez,4.4K,0.57%,Paraguay,Fashion & Accessories,1.3K
47,Maria Virginia Yaboski Rottoli 🦋 @virchuyaboski,4.2K,0.07%,Paraguay,Entertainment & Music,1.2K
48,KAESE @_kaese,4K,0.71%,Paraguay,Music Fashion & Accessories,1.2K
49,Oli Heikel @oliheikel,4K,-,Paraguay,Finance,1.2K
50,Fajas Magic @fajasmagic,4K,-,Paraguay,Fashion & Accessories,1.2K
51,Florencia Gismondi @flogismondi,3.9K,0.19%,Paraguay,Entertainment & Music family Gaming,1.2K
52,Meta Gaming〽️ @metagaming_py,3.6K,0.41%,Paraguay,Games,1.1K
53,GUILLE PREDA @guillepreda,3.3K,0.05%,Paraguay,Entertainment & Music,987
54,Bruno Alessandro Aranda Pertile @bapdibujos,3.3K,0.35%,Paraguay,Arts & Crafts,984
55,Gabriela Wolscham @gawolscham,3.2K,-,Paraguay,Fitness & Health,969
56,Raio Bemba Peluquería @raiobemba,3.2K,-,Paraguay,Beauty & Self Care,966
57,Belén Fleitas 🦄 @belenfleitasok,3.1K,0.36%,Paraguay,Entertainment & Music Product Showcase Funny,933
58,PIPO PINEDA DJ @pipo_pinedadj,3.1K,0.21%,Paraguay,Entertainment & Music,924
59,Fiorella Migliore Llanes @fiomigliore,3.1K,0.16%,Paraguay,Nature Outdoor Activity Fitness & Health Education,921
60,PISTACHO @pistachopy,3.1K,0.22%,Paraguay,Food,918
61,Volkswagen Paraguay @volkswagenparaguay,3K,0.11%,Paraguay,Auto and Vehicles,912
62,MOA - Café - Restaurante @somosmoa,2.9K,0.03%,Paraguay,Food,870
63,Tienda Móvil @tiendamovilpy,2.9K,-,Paraguay,Product Education Product Showcase,861
64,Caminos del Paraguay @caminosdelparaguay,2.8K,-,Paraguay,Travel,843
65,"KIKIMELOW (CALZADOS, PRENDAS Y ACCESORIOS ✨) @kikimelowpy",2.8K,0.14%,Paraguay,Fashion & Accessories,828
66,Susana Zaldivar @susanzaldivar,2.7K,0.07%,Paraguay,Entertainment & Music,813
67,🆁🅾🅱🅴🆁🆃🅾🅿🅴́🆁🅴🆉🅿🆈 @robertoperezpy1,2.7K,-,Paraguay,Education Entertainment & Music,813
68,Migueluff @meta_migueluff,2.7K,-,Paraguay,Games,795
69,Carlos Viveros @carlosviverosc,2.6K,0.23%,Paraguay,Finance Politics,768
70,Rock en Paraguay @rockenpy,2.5K,0.08%,Paraguay,Entertainment & Music,741
71,Central Bar @centralbarpy,2.4K,0.06%,Paraguay,Entertainment & Music,714
72,Patilu Giangreco Berdejo @patilugi,2.4K,-,Paraguay,family,708
73,Mell Robles @paraguayaencoreadelsur182,2.3K,0.73%,Paraguay,Fashion & Accessories,696
74,Izabele München @izzamu,2.3K,0.04%,Paraguay,,684
75,El Independiente @elindependientepy,2.2K,0.06%,Paraguay,News & Politics,657
76,Srita Méndez @srita_mendez,2.2K,0.28%,Paraguay,Travel,645
77,Samuel Ruiz @samumusicpy,2.1K,0.6%,Paraguay,Entertainment & Music,636
78,Castle Of Dance @castleofdance,2.1K,0.09%,Paraguay,Entertainment & Music,630
79,Depelle Paraguay | SPA @depelleparaguay,2K,0.01%,Paraguay,Beauty & Self Care,612
80,Georgetown&Co. @georgetown.co,2K,0.02%,Paraguay,Product Showcase,612
81,Lima is Techno @limaistechno,2K,1.7%,Paraguay,Entertainment & Music,609
82,LAURA TELAYNA - EL PODER DE LA IMAGEN® @telayna,1.9K,0.1%,Paraguay,Fashion & Accessories Education,576
83,Nicoll Ferreira @nicollferreiraa,1.9K,-,Paraguay,Beauty & Self Care Fashion & Accessories,567
84,Tetsu Esposito | Fotógrafo @tetsumo,1.8K,-,Paraguay,Photography Travel,552
85,BacoAsunción @bacoasuncion,1.8K,-,Paraguay,Home & Garden,552
86,Jessica Miralles @jessimiralles,1.8K,0.11%,Paraguay,Education,528
87,Evelyn Cáceres @evelyncaceres_,1.8K,-,Paraguay,family,525
88,Personal Paraguay @personalpy,1.7K,-,Paraguay,Education,516
89,Jessica Servin @jessisolservin,1.7K,0.16%,Paraguay,Entertainment & Music family Romance & Wedding Education,513
90,𝗠𝗔𝗥𝗜𝗔 𝗔𝗗𝗘𝗟𝗔 𝗧𝗜𝗘𝗡𝗗𝗔® @maria_adela_moda,1.6K,-,Paraguay,Fashion & Accessories Beauty & Self Care Product Showcase,486
91,Nación Azulgrana @nacionazulgrana,1.5K,0.33%,Paraguay,Sports,441
92,Samira Riveros @laurariverosss,1.5K,0.21%,Paraguay,Beauty & Self Care Fashion & Accessories,435
93,Daisy Romero @daisypeluche,1.4K,0.23%,Paraguay,Beauty & Self Care,426
94,Rodrigo Galeano Zarza @rogezeta,1.4K,-,Paraguay,Sports Outdoor Activity,423
95,Tiendas Patachoca @tiendaspatachoca,1.4K,-,Paraguay,Fashion & Accessories,423
96,ROMINA BOGADO @romina_bogado,1.3K,-,Paraguay,Fashion & Accessories,396
97,Jaia Taboada Dam @jaiataboada,1.3K,0.04%,Paraguay,Food,381
98,Guille @guillekanno,1.3K,0.46%,Paraguay,Adult Content,375
99,Vanessa Rodriguez @vanerodriguezpy,1.3K,-,Paraguay,Animals Education,375
100,Kena Turbantes @kena_turbantes,1.1K,-,Paraguay,Fashion & Accessories,330
